-- phpMyAdmin SQL Dump
-- version 5.2.1
-- https://www.phpmyadmin.net/
--
-- Host: 127.0.0.1
-- Generation Time: Sep 17, 2025 at 05:13 PM
-- Server version: 10.4.32-MariaDB
-- PHP Version: 8.2.12

SET SQL_MODE = "NO_AUTO_VALUE_ON_ZERO";
START TRANSACTION;
SET time_zone = "+00:00";


/*!40101 SET @OLD_CHARACTER_SET_CLIENT=@@CHARACTER_SET_CLIENT */;
/*!40101 SET @OLD_CHARACTER_SET_RESULTS=@@CHARACTER_SET_RESULTS */;
/*!40101 SET @OLD_COLLATION_CONNECTION=@@COLLATION_CONNECTION */;
/*!40101 SET NAMES utf8mb4 */;

--
-- Database: `restaurant_dashboard`
--

-- --------------------------------------------------------

--
-- Table structure for table `cache`
--

CREATE TABLE `cache` (
  `key` varchar(255) NOT NULL,
  `value` mediumtext NOT NULL,
  `expiration` int(11) NOT NULL
) ENGINE=InnoDB DEFAULT CHARSET=utf8mb4 COLLATE=utf8mb4_unicode_ci;

-- --------------------------------------------------------

--
-- Table structure for table `cache_locks`
--

CREATE TABLE `cache_locks` (
  `key` varchar(255) NOT NULL,
  `owner` varchar(255) NOT NULL,
  `expiration` int(11) NOT NULL
) ENGINE=InnoDB DEFAULT CHARSET=utf8mb4 COLLATE=utf8mb4_unicode_ci;

-- --------------------------------------------------------

--
-- Table structure for table `failed_jobs`
--

CREATE TABLE `failed_jobs` (
  `id` bigint(20) UNSIGNED NOT NULL,
  `uuid` varchar(255) NOT NULL,
  `connection` text NOT NULL,
  `queue` text NOT NULL,
  `payload` longtext NOT NULL,
  `exception` longtext NOT NULL,
  `failed_at` timestamp NOT NULL DEFAULT current_timestamp()
) ENGINE=InnoDB DEFAULT CHARSET=utf8mb4 COLLATE=utf8mb4_unicode_ci;

-- --------------------------------------------------------

--
-- Table structure for table `jobs`
--

CREATE TABLE `jobs` (
  `id` bigint(20) UNSIGNED NOT NULL,
  `queue` varchar(255) NOT NULL,
  `payload` longtext NOT NULL,
  `attempts` tinyint(3) UNSIGNED NOT NULL,
  `reserved_at` int(10) UNSIGNED DEFAULT NULL,
  `available_at` int(10) UNSIGNED NOT NULL,
  `created_at` int(10) UNSIGNED NOT NULL
) ENGINE=InnoDB DEFAULT CHARSET=utf8mb4 COLLATE=utf8mb4_unicode_ci;

-- --------------------------------------------------------

--
-- Table structure for table `job_batches`
--

CREATE TABLE `job_batches` (
  `id` varchar(255) NOT NULL,
  `name` varchar(255) NOT NULL,
  `total_jobs` int(11) NOT NULL,
  `pending_jobs` int(11) NOT NULL,
  `failed_jobs` int(11) NOT NULL,
  `failed_job_ids` longtext NOT NULL,
  `options` mediumtext DEFAULT NULL,
  `cancelled_at` int(11) DEFAULT NULL,
  `created_at` int(11) NOT NULL,
  `finished_at` int(11) DEFAULT NULL
) ENGINE=InnoDB DEFAULT CHARSET=utf8mb4 COLLATE=utf8mb4_unicode_ci;

-- --------------------------------------------------------

--
-- Table structure for table `migrations`
--

CREATE TABLE `migrations` (
  `id` int(10) UNSIGNED NOT NULL,
  `migration` varchar(255) NOT NULL,
  `batch` int(11) NOT NULL
) ENGINE=InnoDB DEFAULT CHARSET=utf8mb4 COLLATE=utf8mb4_unicode_ci;

--
-- Dumping data for table `migrations`
--

INSERT INTO `migrations` (`id`, `migration`, `batch`) VALUES
(1, '0001_01_01_000000_create_users_table', 1),
(2, '0001_01_01_000001_create_cache_table', 1),
(3, '0001_01_01_000002_create_jobs_table', 1),
(4, '2025_09_14_084823_create_restaurants_table', 1),
(5, '2025_09_14_084824_create_orders_table', 1);

-- --------------------------------------------------------

--
-- Table structure for table `orders`
--

CREATE TABLE `orders` (
  `id` bigint(20) UNSIGNED NOT NULL,
  `restaurant_id` bigint(20) UNSIGNED NOT NULL,
  `order_amount` decimal(10,2) NOT NULL,
  `order_time` timestamp NOT NULL DEFAULT current_timestamp() ON UPDATE current_timestamp(),
  `created_at` timestamp NULL DEFAULT NULL,
  `updated_at` timestamp NULL DEFAULT NULL
) ENGINE=InnoDB DEFAULT CHARSET=utf8mb4 COLLATE=utf8mb4_unicode_ci;

--
-- Dumping data for table `orders`
--

INSERT INTO `orders` (`id`, `restaurant_id`, `order_amount`, `order_time`, `created_at`, `updated_at`) VALUES
(1, 102, 996.00, '2025-06-24 09:30:00', '2025-09-17 06:39:15', '2025-09-17 06:39:15'),
(2, 104, 980.00, '2025-06-25 13:15:00', '2025-09-17 06:39:15', '2025-09-17 06:39:15'),
(3, 103, 986.00, '2025-06-23 11:30:00', '2025-09-17 06:39:15', '2025-09-17 06:39:15'),
(4, 102, 462.00, '2025-06-27 12:00:00', '2025-09-17 06:39:15', '2025-09-17 06:39:15'),
(5, 101, 702.00, '2025-06-26 10:15:00', '2025-09-17 06:39:15', '2025-09-17 06:39:15'),
(6, 104, 543.00, '2025-06-25 10:45:00', '2025-09-17 06:39:15', '2025-09-17 06:39:15'),
(7, 103, 467.00, '2025-06-28 12:15:00', '2025-09-17 06:39:15', '2025-09-17 06:39:15'),
(8, 101, 695.00, '2025-06-26 06:00:00', '2025-09-17 06:39:15', '2025-09-17 06:39:15'),
(9, 103, 613.00, '2025-06-27 12:15:00', '2025-09-17 06:39:15', '2025-09-17 06:39:15'),
(10, 103, 496.00, '2025-06-24 14:45:00', '2025-09-17 06:39:15', '2025-09-17 06:39:15'),
(11, 104, 392.00, '2025-06-28 04:45:00', '2025-09-17 06:39:15', '2025-09-17 06:39:15'),
(12, 104, 900.00, '2025-06-23 12:45:00', '2025-09-17 06:39:15', '2025-09-17 06:39:15'),
(13, 102, 891.00, '2025-06-22 13:45:00', '2025-09-17 06:39:15', '2025-09-17 06:39:15'),
(14, 101, 363.00, '2025-06-27 06:15:00', '2025-09-17 06:39:15', '2025-09-17 06:39:15'),
(15, 102, 462.00, '2025-06-23 10:15:00', '2025-09-17 06:39:15', '2025-09-17 06:39:15'),
(16, 102, 604.00, '2025-06-25 17:00:00', '2025-09-17 06:39:15', '2025-09-17 06:39:15'),
(17, 101, 440.00, '2025-06-28 05:15:00', '2025-09-17 06:39:15', '2025-09-17 06:39:15'),
(18, 101, 907.00, '2025-06-26 14:15:00', '2025-09-17 06:39:15', '2025-09-17 06:39:15'),
(19, 102, 277.00, '2025-06-25 11:00:00', '2025-09-17 06:39:15', '2025-09-17 06:39:15'),
(20, 103, 401.00, '2025-06-25 04:45:00', '2025-09-17 06:39:15', '2025-09-17 06:39:15'),
(21, 101, 493.00, '2025-06-22 14:00:00', '2025-09-17 06:39:15', '2025-09-17 06:39:15'),
(22, 103, 844.00, '2025-06-22 05:15:00', '2025-09-17 06:39:15', '2025-09-17 06:39:15'),
(23, 102, 812.00, '2025-06-28 05:45:00', '2025-09-17 06:39:15', '2025-09-17 06:39:15'),
(24, 101, 912.00, '2025-06-27 08:45:00', '2025-09-17 06:39:15', '2025-09-17 06:39:15'),
(25, 104, 919.00, '2025-06-24 05:00:00', '2025-09-17 06:39:15', '2025-09-17 06:39:15'),
(26, 102, 598.00, '2025-06-23 07:30:00', '2025-09-17 06:39:15', '2025-09-17 06:39:15'),
(27, 104, 627.00, '2025-06-26 16:15:00', '2025-09-17 06:39:15', '2025-09-17 06:39:15'),
(28, 104, 937.00, '2025-06-26 15:15:00', '2025-09-17 06:39:15', '2025-09-17 06:39:15'),
(29, 104, 688.00, '2025-06-26 13:15:00', '2025-09-17 06:39:15', '2025-09-17 06:39:15'),
(30, 101, 564.00, '2025-06-28 08:30:00', '2025-09-17 06:39:15', '2025-09-17 06:39:15'),
(31, 104, 397.00, '2025-06-25 14:30:00', '2025-09-17 06:39:15', '2025-09-17 06:39:15'),
(32, 103, 536.00, '2025-06-24 12:15:00', '2025-09-17 06:39:15', '2025-09-17 06:39:15'),
(33, 104, 495.00, '2025-06-23 06:30:00', '2025-09-17 06:39:15', '2025-09-17 06:39:15'),
(34, 103, 200.00, '2025-06-27 04:45:00', '2025-09-17 06:39:15', '2025-09-17 06:39:15'),
(35, 103, 244.00, '2025-06-27 14:15:00', '2025-09-17 06:39:15', '2025-09-17 06:39:15'),
(36, 101, 234.00, '2025-06-25 10:00:00', '2025-09-17 06:39:15', '2025-09-17 06:39:15'),
(37, 104, 671.00, '2025-06-26 05:00:00', '2025-09-17 06:39:15', '2025-09-17 06:39:15'),
(38, 102, 804.00, '2025-06-27 10:00:00', '2025-09-17 06:39:15', '2025-09-17 06:39:15'),
(39, 104, 549.00, '2025-06-26 12:00:00', '2025-09-17 06:39:15', '2025-09-17 06:39:15'),
(40, 103, 522.00, '2025-06-28 15:00:00', '2025-09-17 06:39:15', '2025-09-17 06:39:15'),
(41, 102, 203.00, '2025-06-23 08:45:00', '2025-09-17 06:39:15', '2025-09-17 06:39:15'),
(42, 102, 841.00, '2025-06-26 05:45:00', '2025-09-17 06:39:15', '2025-09-17 06:39:15'),
(43, 104, 407.00, '2025-06-26 07:30:00', '2025-09-17 06:39:15', '2025-09-17 06:39:15'),
(44, 102, 651.00, '2025-06-22 13:45:00', '2025-09-17 06:39:15', '2025-09-17 06:39:15'),
(45, 101, 546.00, '2025-06-23 08:00:00', '2025-09-17 06:39:15', '2025-09-17 06:39:15'),
(46, 103, 551.00, '2025-06-22 14:45:00', '2025-09-17 06:39:15', '2025-09-17 06:39:15'),
(47, 102, 720.00, '2025-06-25 15:15:00', '2025-09-17 06:39:15', '2025-09-17 06:39:15'),
(48, 103, 929.00, '2025-06-24 04:45:00', '2025-09-17 06:39:15', '2025-09-17 06:39:15'),
(49, 103, 966.00, '2025-06-22 13:45:00', '2025-09-17 06:39:15', '2025-09-17 06:39:15'),
(50, 102, 557.00, '2025-06-27 08:45:00', '2025-09-17 06:39:15', '2025-09-17 06:39:15'),
(51, 104, 963.00, '2025-06-22 12:00:00', '2025-09-17 06:39:15', '2025-09-17 06:39:15'),
(52, 103, 684.00, '2025-06-25 07:00:00', '2025-09-17 06:39:15', '2025-09-17 06:39:15'),
(53, 104, 762.00, '2025-06-23 10:45:00', '2025-09-17 06:39:15', '2025-09-17 06:39:15'),
(54, 103, 310.00, '2025-06-26 04:45:00', '2025-09-17 06:39:15', '2025-09-17 06:39:15'),
(55, 104, 764.00, '2025-06-23 16:00:00', '2025-09-17 06:39:15', '2025-09-17 06:39:15'),
(56, 101, 788.00, '2025-06-25 15:30:00', '2025-09-17 06:39:15', '2025-09-17 06:39:15'),
(57, 104, 946.00, '2025-06-24 06:45:00', '2025-09-17 06:39:15', '2025-09-17 06:39:15'),
(58, 103, 745.00, '2025-06-24 10:15:00', '2025-09-17 06:39:15', '2025-09-17 06:39:15'),
(59, 102, 299.00, '2025-06-23 06:15:00', '2025-09-17 06:39:15', '2025-09-17 06:39:15'),
(60, 103, 580.00, '2025-06-27 06:00:00', '2025-09-17 06:39:15', '2025-09-17 06:39:15'),
(61, 102, 750.00, '2025-06-22 08:00:00', '2025-09-17 06:39:15', '2025-09-17 06:39:15'),
(62, 102, 229.00, '2025-06-24 15:45:00', '2025-09-17 06:39:15', '2025-09-17 06:39:15'),
(63, 104, 265.00, '2025-06-22 14:15:00', '2025-09-17 06:39:15', '2025-09-17 06:39:15'),
(64, 101, 548.00, '2025-06-22 04:30:00', '2025-09-17 06:39:15', '2025-09-17 06:39:15'),
(65, 104, 623.00, '2025-06-26 09:30:00', '2025-09-17 06:39:15', '2025-09-17 06:39:15'),
(66, 102, 314.00, '2025-06-25 11:30:00', '2025-09-17 06:39:15', '2025-09-17 06:39:15'),
(67, 103, 348.00, '2025-06-22 11:30:00', '2025-09-17 06:39:15', '2025-09-17 06:39:15'),
(68, 104, 646.00, '2025-06-24 14:00:00', '2025-09-17 06:39:15', '2025-09-17 06:39:15'),
(69, 104, 901.00, '2025-06-22 05:15:00', '2025-09-17 06:39:15', '2025-09-17 06:39:15'),
(70, 102, 910.00, '2025-06-23 13:30:00', '2025-09-17 06:39:15', '2025-09-17 06:39:15'),
(71, 103, 653.00, '2025-06-22 06:45:00', '2025-09-17 06:39:15', '2025-09-17 06:39:15'),
(72, 104, 328.00, '2025-06-23 10:30:00', '2025-09-17 06:39:15', '2025-09-17 06:39:15'),
(73, 102, 963.00, '2025-06-23 07:15:00', '2025-09-17 06:39:15', '2025-09-17 06:39:15'),
(74, 102, 716.00, '2025-06-28 06:45:00', '2025-09-17 06:39:15', '2025-09-17 06:39:15'),
(75, 101, 316.00, '2025-06-26 08:15:00', '2025-09-17 06:39:15', '2025-09-17 06:39:15'),
(76, 101, 202.00, '2025-06-26 08:45:00', '2025-09-17 06:39:15', '2025-09-17 06:39:15'),
(77, 102, 717.00, '2025-06-24 05:00:00', '2025-09-17 06:39:15', '2025-09-17 06:39:15'),
(78, 104, 964.00, '2025-06-23 11:00:00', '2025-09-17 06:39:15', '2025-09-17 06:39:15'),
(79, 104, 248.00, '2025-06-22 16:00:00', '2025-09-17 06:39:15', '2025-09-17 06:39:15'),
(80, 103, 271.00, '2025-06-26 15:45:00', '2025-09-17 06:39:15', '2025-09-17 06:39:15'),
(81, 104, 707.00, '2025-06-26 15:30:00', '2025-09-17 06:39:15', '2025-09-17 06:39:15'),
(82, 103, 236.00, '2025-06-26 14:30:00', '2025-09-17 06:39:15', '2025-09-17 06:39:15'),
(83, 101, 961.00, '2025-06-26 10:30:00', '2025-09-17 06:39:15', '2025-09-17 06:39:15'),
(84, 104, 443.00, '2025-06-28 09:30:00', '2025-09-17 06:39:15', '2025-09-17 06:39:15'),
(85, 101, 609.00, '2025-06-28 13:45:00', '2025-09-17 06:39:15', '2025-09-17 06:39:15'),
(86, 102, 859.00, '2025-06-26 09:15:00', '2025-09-17 06:39:15', '2025-09-17 06:39:15'),
(87, 102, 266.00, '2025-06-25 08:45:00', '2025-09-17 06:39:15', '2025-09-17 06:39:15'),
(88, 101, 326.00, '2025-06-22 14:30:00', '2025-09-17 06:39:15', '2025-09-17 06:39:15'),
(89, 104, 257.00, '2025-06-22 13:30:00', '2025-09-17 06:39:15', '2025-09-17 06:39:15'),
(90, 101, 301.00, '2025-06-27 06:45:00', '2025-09-17 06:39:15', '2025-09-17 06:39:15'),
(91, 103, 201.00, '2025-06-25 10:30:00', '2025-09-17 06:39:15', '2025-09-17 06:39:15'),
(92, 102, 212.00, '2025-06-27 09:00:00', '2025-09-17 06:39:15', '2025-09-17 06:39:15'),
(93, 104, 368.00, '2025-06-25 10:15:00', '2025-09-17 06:39:15', '2025-09-17 06:39:15'),
(94, 102, 685.00, '2025-06-22 11:00:00', '2025-09-17 06:39:15', '2025-09-17 06:39:15'),
(95, 101, 695.00, '2025-06-22 09:15:00', '2025-09-17 06:39:15', '2025-09-17 06:39:15'),
(96, 102, 305.00, '2025-06-24 13:30:00', '2025-09-17 06:39:15', '2025-09-17 06:39:15'),
(97, 103, 744.00, '2025-06-25 09:15:00', '2025-09-17 06:39:15', '2025-09-17 06:39:15'),
(98, 102, 240.00, '2025-06-26 15:30:00', '2025-09-17 06:39:15', '2025-09-17 06:39:15'),
(99, 104, 578.00, '2025-06-27 15:00:00', '2025-09-17 06:39:15', '2025-09-17 06:39:15'),
(100, 102, 602.00, '2025-06-27 08:45:00', '2025-09-17 06:39:15', '2025-09-17 06:39:15'),
(101, 101, 308.00, '2025-06-26 08:30:00', '2025-09-17 06:39:15', '2025-09-17 06:39:15'),
(102, 102, 800.00, '2025-06-23 10:15:00', '2025-09-17 06:39:15', '2025-09-17 06:39:15'),
(103, 103, 709.00, '2025-06-23 16:45:00', '2025-09-17 06:39:15', '2025-09-17 06:39:15'),
(104, 102, 343.00, '2025-06-24 12:30:00', '2025-09-17 06:39:15', '2025-09-17 06:39:15'),
(105, 104, 855.00, '2025-06-25 17:00:00', '2025-09-17 06:39:15', '2025-09-17 06:39:15'),
(106, 103, 905.00, '2025-06-26 09:45:00', '2025-09-17 06:39:15', '2025-09-17 06:39:15'),
(107, 104, 953.00, '2025-06-25 11:30:00', '2025-09-17 06:39:15', '2025-09-17 06:39:15'),
(108, 102, 840.00, '2025-06-24 05:00:00', '2025-09-17 06:39:15', '2025-09-17 06:39:15'),
(109, 103, 451.00, '2025-06-27 12:00:00', '2025-09-17 06:39:15', '2025-09-17 06:39:15'),
(110, 104, 335.00, '2025-06-27 15:45:00', '2025-09-17 06:39:15', '2025-09-17 06:39:15'),
(111, 101, 463.00, '2025-06-28 11:45:00', '2025-09-17 06:39:15', '2025-09-17 06:39:15'),
(112, 101, 983.00, '2025-06-22 12:45:00', '2025-09-17 06:39:15', '2025-09-17 06:39:15'),
(113, 103, 422.00, '2025-06-25 12:30:00', '2025-09-17 06:39:15', '2025-09-17 06:39:15'),
(114, 104, 907.00, '2025-06-24 06:45:00', '2025-09-17 06:39:15', '2025-09-17 06:39:15'),
(115, 101, 478.00, '2025-06-28 09:30:00', '2025-09-17 06:39:15', '2025-09-17 06:39:15'),
(116, 102, 297.00, '2025-06-28 09:30:00', '2025-09-17 06:39:15', '2025-09-17 06:39:15'),
(117, 101, 522.00, '2025-06-28 08:00:00', '2025-09-17 06:39:15', '2025-09-17 06:39:15'),
(118, 101, 613.00, '2025-06-28 13:15:00', '2025-09-17 06:39:15', '2025-09-17 06:39:15'),
(119, 102, 908.00, '2025-06-25 07:00:00', '2025-09-17 06:39:15', '2025-09-17 06:39:15'),
(120, 102, 979.00, '2025-06-22 07:45:00', '2025-09-17 06:39:15', '2025-09-17 06:39:15'),
(121, 102, 869.00, '2025-06-26 08:15:00', '2025-09-17 06:39:15', '2025-09-17 06:39:15'),
(122, 102, 607.00, '2025-06-27 12:30:00', '2025-09-17 06:39:15', '2025-09-17 06:39:15'),
(123, 101, 240.00, '2025-06-27 11:00:00', '2025-09-17 06:39:15', '2025-09-17 06:39:15'),
(124, 103, 659.00, '2025-06-25 16:15:00', '2025-09-17 06:39:15', '2025-09-17 06:39:15'),
(125, 102, 815.00, '2025-06-28 13:30:00', '2025-09-17 06:39:15', '2025-09-17 06:39:15'),
(126, 103, 597.00, '2025-06-27 10:45:00', '2025-09-17 06:39:15', '2025-09-17 06:39:15'),
(127, 101, 974.00, '2025-06-28 10:00:00', '2025-09-17 06:39:15', '2025-09-17 06:39:15'),
(128, 104, 821.00, '2025-06-26 09:15:00', '2025-09-17 06:39:15', '2025-09-17 06:39:15'),
(129, 102, 382.00, '2025-06-28 09:45:00', '2025-09-17 06:39:15', '2025-09-17 06:39:15'),
(130, 104, 737.00, '2025-06-28 09:00:00', '2025-09-17 06:39:15', '2025-09-17 06:39:15'),
(131, 103, 811.00, '2025-06-25 11:00:00', '2025-09-17 06:39:15', '2025-09-17 06:39:15'),
(132, 104, 750.00, '2025-06-25 13:45:00', '2025-09-17 06:39:15', '2025-09-17 06:39:15'),
(133, 103, 912.00, '2025-06-27 09:15:00', '2025-09-17 06:39:15', '2025-09-17 06:39:15'),
(134, 102, 282.00, '2025-06-24 05:45:00', '2025-09-17 06:39:15', '2025-09-17 06:39:15'),
(135, 101, 753.00, '2025-06-25 14:15:00', '2025-09-17 06:39:15', '2025-09-17 06:39:15'),
(136, 103, 620.00, '2025-06-25 14:15:00', '2025-09-17 06:39:15', '2025-09-17 06:39:15'),
(137, 102, 662.00, '2025-06-24 16:15:00', '2025-09-17 06:39:15', '2025-09-17 06:39:15'),
(138, 103, 712.00, '2025-06-25 16:15:00', '2025-09-17 06:39:15', '2025-09-17 06:39:15'),
(139, 104, 743.00, '2025-06-27 10:00:00', '2025-09-17 06:39:15', '2025-09-17 06:39:15'),
(140, 101, 272.00, '2025-06-22 12:30:00', '2025-09-17 06:39:15', '2025-09-17 06:39:15'),
(141, 103, 705.00, '2025-06-24 12:00:00', '2025-09-17 06:39:15', '2025-09-17 06:39:15'),
(142, 104, 292.00, '2025-06-26 16:45:00', '2025-09-17 06:39:15', '2025-09-17 06:39:15'),
(143, 102, 677.00, '2025-06-27 07:15:00', '2025-09-17 06:39:15', '2025-09-17 06:39:15'),
(144, 103, 400.00, '2025-06-26 15:45:00', '2025-09-17 06:39:15', '2025-09-17 06:39:15'),
(145, 103, 215.00, '2025-06-28 08:45:00', '2025-09-17 06:39:15', '2025-09-17 06:39:15'),
(146, 102, 266.00, '2025-06-26 06:30:00', '2025-09-17 06:39:15', '2025-09-17 06:39:15'),
(147, 101, 970.00, '2025-06-26 10:30:00', '2025-09-17 06:39:15', '2025-09-17 06:39:15'),
(148, 101, 450.00, '2025-06-26 16:15:00', '2025-09-17 06:39:15', '2025-09-17 06:39:15'),
(149, 101, 354.00, '2025-06-22 05:15:00', '2025-09-17 06:39:15', '2025-09-17 06:39:15'),
(150, 101, 885.00, '2025-06-27 13:45:00', '2025-09-17 06:39:15', '2025-09-17 06:39:15'),
(151, 104, 552.00, '2025-06-25 09:30:00', '2025-09-17 06:39:15', '2025-09-17 06:39:15'),
(152, 101, 576.00, '2025-06-27 04:30:00', '2025-09-17 06:39:15', '2025-09-17 06:39:15'),
(153, 102, 217.00, '2025-06-24 06:30:00', '2025-09-17 06:39:15', '2025-09-17 06:39:15'),
(154, 102, 429.00, '2025-06-22 12:30:00', '2025-09-17 06:39:15', '2025-09-17 06:39:15'),
(155, 102, 661.00, '2025-06-22 05:15:00', '2025-09-17 06:39:15', '2025-09-17 06:39:15'),
(156, 102, 416.00, '2025-06-22 05:00:00', '2025-09-17 06:39:15', '2025-09-17 06:39:15'),
(157, 104, 558.00, '2025-06-22 06:00:00', '2025-09-17 06:39:15', '2025-09-17 06:39:15'),
(158, 104, 245.00, '2025-06-22 17:15:00', '2025-09-17 06:39:15', '2025-09-17 06:39:15'),
(159, 104, 855.00, '2025-06-26 06:15:00', '2025-09-17 06:39:15', '2025-09-17 06:39:15'),
(160, 103, 818.00, '2025-06-25 07:45:00', '2025-09-17 06:39:15', '2025-09-17 06:39:15'),
(161, 101, 448.00, '2025-06-28 06:30:00', '2025-09-17 06:39:15', '2025-09-17 06:39:15'),
(162, 101, 300.00, '2025-06-28 14:00:00', '2025-09-17 06:39:15', '2025-09-17 06:39:15'),
(163, 103, 374.00, '2025-06-24 10:45:00', '2025-09-17 06:39:15', '2025-09-17 06:39:15'),
(164, 101, 684.00, '2025-06-24 13:15:00', '2025-09-17 06:39:15', '2025-09-17 06:39:15'),
(165, 103, 509.00, '2025-06-23 14:30:00', '2025-09-17 06:39:15', '2025-09-17 06:39:15'),
(166, 102, 302.00, '2025-06-22 07:30:00', '2025-09-17 06:39:15', '2025-09-17 06:39:15'),
(167, 101, 590.00, '2025-06-23 17:15:00', '2025-09-17 06:39:15', '2025-09-17 06:39:15'),
(168, 101, 453.00, '2025-06-22 10:15:00', '2025-09-17 06:39:15', '2025-09-17 06:39:15'),
(169, 101, 837.00, '2025-06-25 06:15:00', '2025-09-17 06:39:15', '2025-09-17 06:39:15'),
(170, 103, 819.00, '2025-06-25 09:00:00', '2025-09-17 06:39:15', '2025-09-17 06:39:15'),
(171, 104, 935.00, '2025-06-25 06:00:00', '2025-09-17 06:39:15', '2025-09-17 06:39:15'),
(172, 102, 548.00, '2025-06-22 13:45:00', '2025-09-17 06:39:15', '2025-09-17 06:39:15'),
(173, 102, 626.00, '2025-06-25 08:00:00', '2025-09-17 06:39:15', '2025-09-17 06:39:15'),
(174, 103, 967.00, '2025-06-22 17:00:00', '2025-09-17 06:39:15', '2025-09-17 06:39:15'),
(175, 103, 713.00, '2025-06-27 12:45:00', '2025-09-17 06:39:15', '2025-09-17 06:39:15'),
(176, 104, 241.00, '2025-06-28 16:15:00', '2025-09-17 06:39:15', '2025-09-17 06:39:15'),
(177, 103, 234.00, '2025-06-23 12:30:00', '2025-09-17 06:39:15', '2025-09-17 06:39:15'),
(178, 102, 667.00, '2025-06-22 15:00:00', '2025-09-17 06:39:15', '2025-09-17 06:39:15'),
(179, 102, 437.00, '2025-06-27 07:00:00', '2025-09-17 06:39:15', '2025-09-17 06:39:15'),
(180, 104, 967.00, '2025-06-25 09:30:00', '2025-09-17 06:39:15', '2025-09-17 06:39:15'),
(181, 101, 565.00, '2025-06-25 12:45:00', '2025-09-17 06:39:15', '2025-09-17 06:39:15'),
(182, 102, 483.00, '2025-06-23 06:45:00', '2025-09-17 06:39:15', '2025-09-17 06:39:15'),
(183, 102, 936.00, '2025-06-28 11:15:00', '2025-09-17 06:39:15', '2025-09-17 06:39:15'),
(184, 103, 342.00, '2025-06-24 05:15:00', '2025-09-17 06:39:15', '2025-09-17 06:39:15'),
(185, 102, 621.00, '2025-06-22 16:00:00', '2025-09-17 06:39:15', '2025-09-17 06:39:15'),
(186, 101, 360.00, '2025-06-28 12:00:00', '2025-09-17 06:39:15', '2025-09-17 06:39:15'),
(187, 101, 203.00, '2025-06-25 06:15:00', '2025-09-17 06:39:15', '2025-09-17 06:39:15'),
(188, 103, 888.00, '2025-06-23 15:15:00', '2025-09-17 06:39:15', '2025-09-17 06:39:15'),
(189, 101, 624.00, '2025-06-22 12:15:00', '2025-09-17 06:39:15', '2025-09-17 06:39:15'),
(190, 103, 501.00, '2025-06-28 12:45:00', '2025-09-17 06:39:15', '2025-09-17 06:39:15'),
(191, 103, 466.00, '2025-06-26 10:15:00', '2025-09-17 06:39:15', '2025-09-17 06:39:15'),
(192, 102, 720.00, '2025-06-23 15:30:00', '2025-09-17 06:39:15', '2025-09-17 06:39:15'),
(193, 101, 382.00, '2025-06-22 13:15:00', '2025-09-17 06:39:15', '2025-09-17 06:39:15'),
(194, 101, 551.00, '2025-06-26 16:45:00', '2025-09-17 06:39:15', '2025-09-17 06:39:15'),
(195, 101, 347.00, '2025-06-28 10:45:00', '2025-09-17 06:39:15', '2025-09-17 06:39:15'),
(196, 103, 601.00, '2025-06-23 07:00:00', '2025-09-17 06:39:15', '2025-09-17 06:39:15'),
(197, 101, 255.00, '2025-06-25 17:15:00', '2025-09-17 06:39:16', '2025-09-17 06:39:16'),
(198, 102, 502.00, '2025-06-23 12:45:00', '2025-09-17 06:39:16', '2025-09-17 06:39:16'),
(199, 102, 752.00, '2025-06-26 17:15:00', '2025-09-17 06:39:16', '2025-09-17 06:39:16'),
(200, 103, 393.00, '2025-06-22 06:00:00', '2025-09-17 06:39:16', '2025-09-17 06:39:16');

-- --------------------------------------------------------

--
-- Table structure for table `password_reset_tokens`
--

CREATE TABLE `password_reset_tokens` (
  `email` varchar(255) NOT NULL,
  `token` varchar(255) NOT NULL,
  `created_at` timestamp NULL DEFAULT NULL
) ENGINE=InnoDB DEFAULT CHARSET=utf8mb4 COLLATE=utf8mb4_unicode_ci;

-- --------------------------------------------------------

--
-- Table structure for table `restaurants`
--

CREATE TABLE `restaurants` (
  `id` bigint(20) UNSIGNED NOT NULL,
  `name` varchar(255) NOT NULL,
  `location` varchar(255) NOT NULL,
  `cuisine` varchar(255) NOT NULL,
  `created_at` timestamp NULL DEFAULT NULL,
  `updated_at` timestamp NULL DEFAULT NULL
) ENGINE=InnoDB DEFAULT CHARSET=utf8mb4 COLLATE=utf8mb4_unicode_ci;

--
-- Dumping data for table `restaurants`
--

INSERT INTO `restaurants` (`id`, `name`, `location`, `cuisine`, `created_at`, `updated_at`) VALUES
(101, 'Tandoori Treats', 'Bangalore', 'North Indian', '2025-09-17 06:39:14', '2025-09-17 06:39:14'),
(102, 'Sushi Bay', 'Mumbai', 'Japanese', '2025-09-17 06:39:14', '2025-09-17 06:39:14'),
(103, 'Pasta Palace', 'Delhi', 'Italian', '2025-09-17 06:39:14', '2025-09-17 06:39:14'),
(104, 'Burger Hub', 'Hyderabad', 'American', '2025-09-17 06:39:14', '2025-09-17 06:39:14');

-- --------------------------------------------------------

--
-- Table structure for table `sessions`
--

CREATE TABLE `sessions` (
  `id` varchar(255) NOT NULL,
  `user_id` bigint(20) UNSIGNED DEFAULT NULL,
  `ip_address` varchar(45) DEFAULT NULL,
  `user_agent` text DEFAULT NULL,
  `payload` longtext NOT NULL,
  `last_activity` int(11) NOT NULL
) ENGINE=InnoDB DEFAULT CHARSET=utf8mb4 COLLATE=utf8mb4_unicode_ci;

--
-- Dumping data for table `sessions`
--

INSERT INTO `sessions` (`id`, `user_id`, `ip_address`, `user_agent`, `payload`, `last_activity`) VALUES
('2tOPz7nSn1cAlPA0jwLVNZzS0OldD4AT8SSKPhkU', NULL, '127.0.0.1', 'Mozilla/5.0 (Windows NT 10.0; Win64; x64) AppleWebKit/537.36 (KHTML, like Gecko) Chrome/140.0.0.0 Safari/537.36', 'YTozOntzOjY6Il90b2tlbiI7czo0MDoiTlRmVXJTdVMxS2V6bDM4bVVxR3RmRUszZVFyd3l1ZEdIUWVwTGU1YiI7czo5OiJfcHJldmlvdXMiO2E6MTp7czozOiJ1cmwiO3M6NDc6Imh0dHA6Ly8xMjcuMC4wLjE6ODAwMC9hcGkvcmVzdGF1cmFudC8xMDIvdHJlbmRzIjt9czo2OiJfZmxhc2giO2E6Mjp7czozOiJvbGQiO2E6MDp7fXM6MzoibmV3IjthOjA6e319fQ==', 1758121679),
('31NicjGgFT5ravButFx2ob6Dq6OGz8HaaG8NyuZr', NULL, '127.0.0.1', 'Mozilla/5.0 (Windows NT 10.0; Win64; x64) AppleWebKit/537.36 (KHTML, like Gecko) Chrome/140.0.0.0 Safari/537.36', 'YTozOntzOjY6Il90b2tlbiI7czo0MDoidlNUZ0RMUVlROVRHTjVHQWM2dlN6bHgxM0QwTERjaTZxT056ZU9lRSI7czo5OiJfcHJldmlvdXMiO2E6MTp7czozOiJ1cmwiO3M6NDc6Imh0dHA6Ly8xMjcuMC4wLjE6ODAwMC9hcGkvcmVzdGF1cmFudC8xMDQvdHJlbmRzIjt9czo2OiJfZmxhc2giO2E6Mjp7czozOiJvbGQiO2E6MDp7fXM6MzoibmV3IjthOjA6e319fQ==', 1758120428),
('31Yi5ilmKcPIAIsRztgljLfMqPbUuJpsfKybo4IO', NULL, '127.0.0.1', 'Mozilla/5.0 (Windows NT 10.0; Win64; x64) AppleWebKit/537.36 (KHTML, like Gecko) Chrome/140.0.0.0 Safari/537.36', 'YTozOntzOjY6Il90b2tlbiI7czo0MDoiSGsxSHRYVUpVbjFKNElXYUgyQ3pEZ3lkdmYyM3BTRjVEajRvU0pmTyI7czo5OiJfcHJldmlvdXMiO2E6MTp7czozOiJ1cmwiO3M6NDE6Imh0dHA6Ly8xMjcuMC4wLjE6ODAwMC9hcGkvdG9wLXJlc3RhdXJhbnRzIjt9czo2OiJfZmxhc2giO2E6Mjp7czozOiJvbGQiO2E6MDp7fXM6MzoibmV3IjthOjA6e319fQ==', 1758118093),
('4EYS54xHH1d4k6sfoIFFA661SCfhUFFZ9YF5x03G', NULL, '127.0.0.1', 'Mozilla/5.0 (Windows NT 10.0; Win64; x64) AppleWebKit/537.36 (KHTML, like Gecko) Chrome/140.0.0.0 Safari/537.36', 'YTozOntzOjY6Il90b2tlbiI7czo0MDoibjhLOGljem1QeUlFc2djWUFERWpWYlZHN010eUgyYXRNSzRoczlPSSI7czo5OiJfcHJldmlvdXMiO2E6MTp7czozOiJ1cmwiO3M6NDc6Imh0dHA6Ly8xMjcuMC4wLjE6ODAwMC9hcGkvcmVzdGF1cmFudC8xMDIvdHJlbmRzIjt9czo2OiJfZmxhc2giO2E6Mjp7czozOiJvbGQiO2E6MDp7fXM6MzoibmV3IjthOjA6e319fQ==', 1758119233),
('4GRYYUigQnNPe7ytU08hPYxNp5Zl8CilNkibqx0b', NULL, '127.0.0.1', 'Mozilla/5.0 (Windows NT 10.0; Win64; x64) AppleWebKit/537.36 (KHTML, like Gecko) Chrome/140.0.0.0 Safari/537.36', 'YTozOntzOjY6Il90b2tlbiI7czo0MDoicUFPWFh5cVVncXNuRkk3N2JSNUF4VFAyNElFV0V6Wk1VbFA1SVlSWSI7czo5OiJfcHJldmlvdXMiO2E6MTp7czozOiJ1cmwiO3M6Nzc6Imh0dHA6Ly8xMjcuMC4wLjE6ODAwMC9hcGkvcmVzdGF1cmFudC8xMDQvdHJlbmRzP2Zyb209MjAyNS0wOS0xNiZ0bz0yMDI1LTA5LTI0Ijt9czo2OiJfZmxhc2giO2E6Mjp7czozOiJvbGQiO2E6MDp7fXM6MzoibmV3IjthOjA6e319fQ==', 1758120019),
('4iiubYWiJfjBH79FDH1c0PSo58D0itqYJD3yUf8z', NULL, '127.0.0.1', 'Mozilla/5.0 (Windows NT 10.0; Win64; x64) AppleWebKit/537.36 (KHTML, like Gecko) Chrome/140.0.0.0 Safari/537.36', 'YTozOntzOjY6Il90b2tlbiI7czo0MDoidHVpc3ZlVGgxeUhLRmxLT3hTRzg5YWNBS0tjb1JHMkJaNDJ4R282SiI7czo5OiJfcHJldmlvdXMiO2E6MTp7czozOiJ1cmwiO3M6Mzc6Imh0dHA6Ly8xMjcuMC4wLjE6ODAwMC9hcGkvcmVzdGF1cmFudHMiO31zOjY6Il9mbGFzaCI7YToyOntzOjM6Im9sZCI7YTowOnt9czozOiJuZXciO2E6MDp7fX19', 1758120876),
('57zvaLQ7cPyfjKfxltxTLz7IdT4i95J8BUlgm0d8', NULL, '127.0.0.1', 'Mozilla/5.0 (Windows NT 10.0; Win64; x64) AppleWebKit/537.36 (KHTML, like Gecko) Chrome/140.0.0.0 Safari/537.36', 'YTozOntzOjY6Il90b2tlbiI7czo0MDoibHZkYjEyNnBjU3FOSnJnMWlVR1F0TjQyS0N4eHhBbTBmY3VSN3lEdSI7czo5OiJfcHJldmlvdXMiO2E6MTp7czozOiJ1cmwiO3M6Mzc6Imh0dHA6Ly8xMjcuMC4wLjE6ODAwMC9hcGkvcmVzdGF1cmFudHMiO31zOjY6Il9mbGFzaCI7YToyOntzOjM6Im9sZCI7YTowOnt9czozOiJuZXciO2E6MDp7fX19', 1758119986),
('5geClfCd5X0iRA0Day16nwFCWVUer8UkaZA9wBih', NULL, '127.0.0.1', 'Mozilla/5.0 (Windows NT 10.0; Win64; x64) AppleWebKit/537.36 (KHTML, like Gecko) Chrome/140.0.0.0 Safari/537.36', 'YTozOntzOjY6Il90b2tlbiI7czo0MDoidEpVZEdHYVpMck5kSkVTdndZQzVMMG1IWmpDaTQzYmJ2T2JMcXBpTCI7czo5OiJfcHJldmlvdXMiO2E6MTp7czozOiJ1cmwiO3M6NDE6Imh0dHA6Ly8xMjcuMC4wLjE6ODAwMC9hcGkvdG9wLXJlc3RhdXJhbnRzIjt9czo2OiJfZmxhc2giO2E6Mjp7czozOiJvbGQiO2E6MDp7fXM6MzoibmV3IjthOjA6e319fQ==', 1758119986),
('5iODXJqQhFwml2DX2oUGZREyArJ1PaCjFsQqhFwD', NULL, '127.0.0.1', 'Mozilla/5.0 (Windows NT 10.0; Win64; x64) AppleWebKit/537.36 (KHTML, like Gecko) Chrome/140.0.0.0 Safari/537.36', 'YTozOntzOjY6Il90b2tlbiI7czo0MDoiZkpmeWVHdG1HdVFydTRoMUpUMFEwNFdtSVZLSDMwZnJmWnN2YjA1YiI7czo5OiJfcHJldmlvdXMiO2E6MTp7czozOiJ1cmwiO3M6NDc6Imh0dHA6Ly8xMjcuMC4wLjE6ODAwMC9hcGkvcmVzdGF1cmFudC8xMDIvdHJlbmRzIjt9czo2OiJfZmxhc2giO2E6Mjp7czozOiJvbGQiO2E6MDp7fXM6MzoibmV3IjthOjA6e319fQ==', 1758119220),
('69AoktpltutVhDwStEZ40XtBPNCcNbVx2mvsthMk', NULL, '127.0.0.1', 'Mozilla/5.0 (Windows NT 10.0; Win64; x64) AppleWebKit/537.36 (KHTML, like Gecko) Chrome/140.0.0.0 Safari/537.36', 'YTozOntzOjY6Il90b2tlbiI7czo0MDoiMmw1SnZGUDJoZ2d2Vm5PN2Z6R2NEZzBWR3pWSE5BNExwa0NCNDh3VyI7czo5OiJfcHJldmlvdXMiO2E6MTp7czozOiJ1cmwiO3M6NDc6Imh0dHA6Ly8xMjcuMC4wLjE6ODAwMC9hcGkvcmVzdGF1cmFudC8xMDMvdHJlbmRzIjt9czo2OiJfZmxhc2giO2E6Mjp7czozOiJvbGQiO2E6MDp7fXM6MzoibmV3IjthOjA6e319fQ==', 1758118327),
('6V1PODaqGVvRgGc01gQbW4shsCnAouh7Igxrfxmg', NULL, '127.0.0.1', 'Mozilla/5.0 (Windows NT 10.0; Win64; x64) AppleWebKit/537.36 (KHTML, like Gecko) Chrome/140.0.0.0 Safari/537.36', 'YTozOntzOjY6Il90b2tlbiI7czo0MDoiZmhwRktHWGVLYzAzRnZQRVVpNGNaZDNoYWt0S3pkU0RuTm1LWXhmcCI7czo5OiJfcHJldmlvdXMiO2E6MTp7czozOiJ1cmwiO3M6NDc6Imh0dHA6Ly8xMjcuMC4wLjE6ODAwMC9hcGkvcmVzdGF1cmFudC8xMDMvdHJlbmRzIjt9czo2OiJfZmxhc2giO2E6Mjp7czozOiJvbGQiO2E6MDp7fXM6MzoibmV3IjthOjA6e319fQ==', 1758121611),
('6YxV9fcWcVdYk6WLGK2jChXgjYexePI1MShOL76L', NULL, '127.0.0.1', 'Mozilla/5.0 (Windows NT 10.0; Win64; x64) AppleWebKit/537.36 (KHTML, like Gecko) Chrome/140.0.0.0 Safari/537.36', 'YTozOntzOjY6Il90b2tlbiI7czo0MDoiZDFjc05ZVW94TFA2SVNmZTZidU9HZFlLNVpWN3lKS1dvMkI3WnpZaCI7czo5OiJfcHJldmlvdXMiO2E6MTp7czozOiJ1cmwiO3M6Mzc6Imh0dHA6Ly8xMjcuMC4wLjE6ODAwMC9hcGkvcmVzdGF1cmFudHMiO31zOjY6Il9mbGFzaCI7YToyOntzOjM6Im9sZCI7YTowOnt9czozOiJuZXciO2E6MDp7fX19', 1758118307),
('7c4QwxMQlYYLaBqckypkL0ODsOCd6qEnMjjLyVJg', NULL, '127.0.0.1', 'Mozilla/5.0 (Windows NT 10.0; Win64; x64) AppleWebKit/537.36 (KHTML, like Gecko) Chrome/140.0.0.0 Safari/537.36', 'YTozOntzOjY6Il90b2tlbiI7czo0MDoiV1ZuUE9KOFFLekdHU05NYjBJV3VuU0E4WGdJTUliSUlOcEwwY0JwTyI7czo5OiJfcHJldmlvdXMiO2E6MTp7czozOiJ1cmwiO3M6NDE6Imh0dHA6Ly8xMjcuMC4wLjE6ODAwMC9hcGkvdG9wLXJlc3RhdXJhbnRzIjt9czo2OiJfZmxhc2giO2E6Mjp7czozOiJvbGQiO2E6MDp7fXM6MzoibmV3IjthOjA6e319fQ==', 1758120427),
('7NFqFTOqwtRpFA2UtMJzo2UjJ9mU2TLSsxEGQkPF', NULL, '127.0.0.1', 'Mozilla/5.0 (Windows NT 10.0; Win64; x64) AppleWebKit/537.36 (KHTML, like Gecko) Chrome/140.0.0.0 Safari/537.36', 'YTozOntzOjY6Il90b2tlbiI7czo0MDoiOGpFNHBhVk9yaTR6YzZBc1M1UU5KTGRxdHIxSVhQc0R3WEpHNktacSI7czo5OiJfcHJldmlvdXMiO2E6MTp7czozOiJ1cmwiO3M6Mzc6Imh0dHA6Ly8xMjcuMC4wLjE6ODAwMC9hcGkvcmVzdGF1cmFudHMiO31zOjY6Il9mbGFzaCI7YToyOntzOjM6Im9sZCI7YTowOnt9czozOiJuZXciO2E6MDp7fX19', 1758118111),
('7yeyXDooUdLkWUCJhb4tvZpXcJcoGbQgYBPJHu2s', NULL, '127.0.0.1', 'Mozilla/5.0 (Windows NT 10.0; Win64; x64) AppleWebKit/537.36 (KHTML, like Gecko) Chrome/140.0.0.0 Safari/537.36', 'YTozOntzOjY6Il90b2tlbiI7czo0MDoidjdjeUNvckJ5ZVJiOWgzNEtmZHBzVkEwN3A2VVl6Z2VJcHNBS1Z0RSI7czo5OiJfcHJldmlvdXMiO2E6MTp7czozOiJ1cmwiO3M6NDc6Imh0dHA6Ly8xMjcuMC4wLjE6ODAwMC9hcGkvcmVzdGF1cmFudC8xMDQvdHJlbmRzIjt9czo2OiJfZmxhc2giO2E6Mjp7czozOiJvbGQiO2E6MDp7fXM6MzoibmV3IjthOjA6e319fQ==', 1758121723),
('8F4bYAe3ZMvEmPS3Gw3kDO6WalMkqQzfqSsAWGKV', NULL, '127.0.0.1', 'Mozilla/5.0 (Windows NT 10.0; Win64; x64) AppleWebKit/537.36 (KHTML, like Gecko) Chrome/140.0.0.0 Safari/537.36', 'YTozOntzOjY6Il90b2tlbiI7czo0MDoidEJlbUdxanhUTW94dU9KV3NtZDhxbFdHYXlhVkNOUEJhWDZ2OUFpRSI7czo5OiJfcHJldmlvdXMiO2E6MTp7czozOiJ1cmwiO3M6NDE6Imh0dHA6Ly8xMjcuMC4wLjE6ODAwMC9hcGkvdG9wLXJlc3RhdXJhbnRzIjt9czo2OiJfZmxhc2giO2E6Mjp7czozOiJvbGQiO2E6MDp7fXM6MzoibmV3IjthOjA6e319fQ==', 1758119188),
('8HU2TJ548AH63wu781X8sOOTeCO4Gk0rrtC2MjG2', NULL, '127.0.0.1', 'Mozilla/5.0 (Windows NT 10.0; Win64; x64) AppleWebKit/537.36 (KHTML, like Gecko) Chrome/140.0.0.0 Safari/537.36', 'YTozOntzOjY6Il90b2tlbiI7czo0MDoicVIwa2R1QXlqVlUxOXVNTGZUbnRYMDlBbno4VnI5Q0lDZThwR1E0NyI7czo5OiJfcHJldmlvdXMiO2E6MTp7czozOiJ1cmwiO3M6NDE6Imh0dHA6Ly8xMjcuMC4wLjE6ODAwMC9hcGkvdG9wLXJlc3RhdXJhbnRzIjt9czo2OiJfZmxhc2giO2E6Mjp7czozOiJvbGQiO2E6MDp7fXM6MzoibmV3IjthOjA6e319fQ==', 1758120900),
('99MG02AXC8KK8NP3y6tv0WXWOrxz7iLCAJQync3h', NULL, '127.0.0.1', 'Mozilla/5.0 (Windows NT 10.0; Win64; x64) AppleWebKit/537.36 (KHTML, like Gecko) Chrome/140.0.0.0 Safari/537.36', 'YTozOntzOjY6Il90b2tlbiI7czo0MDoiV2xHM0pYT3dXQWxYdGVvVHJWTjBwUWQzU1VnOVk3N29JMFBpWWZBayI7czo5OiJfcHJldmlvdXMiO2E6MTp7czozOiJ1cmwiO3M6NDE6Imh0dHA6Ly8xMjcuMC4wLjE6ODAwMC9hcGkvdG9wLXJlc3RhdXJhbnRzIjt9czo2OiJfZmxhc2giO2E6Mjp7czozOiJvbGQiO2E6MDp7fXM6MzoibmV3IjthOjA6e319fQ==', 1758118111),
('aKzAaR2dTtX90D2OC5Qe863r9adwy4FK2PmBE6H5', NULL, '127.0.0.1', 'Mozilla/5.0 (Windows NT 10.0; Win64; x64) AppleWebKit/537.36 (KHTML, like Gecko) Chrome/140.0.0.0 Safari/537.36', 'YTozOntzOjY6Il90b2tlbiI7czo0MDoibzJzSDUwQzY0SzlrREpmaGtTUW84M2dPRlJ5VE5VdlVnY1M3anZ0WCI7czo5OiJfcHJldmlvdXMiO2E6MTp7czozOiJ1cmwiO3M6NDE6Imh0dHA6Ly8xMjcuMC4wLjE6ODAwMC9hcGkvdG9wLXJlc3RhdXJhbnRzIjt9czo2OiJfZmxhc2giO2E6Mjp7czozOiJvbGQiO2E6MDp7fXM6MzoibmV3IjthOjA6e319fQ==', 1758120426),
('AL3jKTWFWBSMlAadxnEEyuqnuF69JfenIyPG1wWq', NULL, '127.0.0.1', 'Mozilla/5.0 (Windows NT 10.0; Win64; x64) AppleWebKit/537.36 (KHTML, like Gecko) Chrome/140.0.0.0 Safari/537.36', 'YTozOntzOjY6Il90b2tlbiI7czo0MDoibUdPWFUweXRpRHVldm5CbG55ZzNVSHdJRDNWbEFtSTZudU4zblhwYSI7czo5OiJfcHJldmlvdXMiO2E6MTp7czozOiJ1cmwiO3M6Nzc6Imh0dHA6Ly8xMjcuMC4wLjE6ODAwMC9hcGkvcmVzdGF1cmFudC8xMDQvdHJlbmRzP2Zyb209MjAyNS0wNS0yMiZ0bz0yMDI1LTA2LTI0Ijt9czo2OiJfZmxhc2giO2E6Mjp7czozOiJvbGQiO2E6MDp7fXM6MzoibmV3IjthOjA6e319fQ==', 1758120491),
('aPzIB44UARkCcElj27GKoboZodgZJEoAWrTKoAkB', NULL, '127.0.0.1', 'Mozilla/5.0 (Windows NT 10.0; Win64; x64) AppleWebKit/537.36 (KHTML, like Gecko) Chrome/140.0.0.0 Safari/537.36', 'YTozOntzOjY6Il90b2tlbiI7czo0MDoidU1UUmJVZ0Z2bVdsRUZUUTlqM04xUm1CM1VobDJMSEVxVFMyMTRySiI7czo5OiJfcHJldmlvdXMiO2E6MTp7czozOiJ1cmwiO3M6NDc6Imh0dHA6Ly8xMjcuMC4wLjE6ODAwMC9hcGkvcmVzdGF1cmFudC8xMDQvdHJlbmRzIjt9czo2OiJfZmxhc2giO2E6Mjp7czozOiJvbGQiO2E6MDp7fXM6MzoibmV3IjthOjA6e319fQ==', 1758121675),
('Av0sK6hJ599CnTUFBTvp8fmYkycuB9brvHLPxQtj', NULL, '127.0.0.1', 'Mozilla/5.0 (Windows NT 10.0; Win64; x64) AppleWebKit/537.36 (KHTML, like Gecko) Chrome/140.0.0.0 Safari/537.36', 'YTozOntzOjY6Il90b2tlbiI7czo0MDoialJzdHQwZjg3aGo3SFcxZGVSVVY2a05SeWtLdWE0NjViUnNrQzcxWiI7czo5OiJfcHJldmlvdXMiO2E6MTp7czozOiJ1cmwiO3M6NDE6Imh0dHA6Ly8xMjcuMC4wLjE6ODAwMC9hcGkvdG9wLXJlc3RhdXJhbnRzIjt9czo2OiJfZmxhc2giO2E6Mjp7czozOiJvbGQiO2E6MDp7fXM6MzoibmV3IjthOjA6e319fQ==', 1758120900),
('AZbhJ7U0GSuZOrmIjRbIbBphE83Hc1iuDFLANztG', NULL, '127.0.0.1', 'Mozilla/5.0 (Windows NT 10.0; Win64; x64) AppleWebKit/537.36 (KHTML, like Gecko) Chrome/140.0.0.0 Safari/537.36', 'YTozOntzOjY6Il90b2tlbiI7czo0MDoiakQ5a3U2Q3pTZVd1Q1pqc01IUDV2ZmliUmxqR2pMTDRmd1R2QXV6VSI7czo5OiJfcHJldmlvdXMiO2E6MTp7czozOiJ1cmwiO3M6Mzc6Imh0dHA6Ly8xMjcuMC4wLjE6ODAwMC9hcGkvcmVzdGF1cmFudHMiO31zOjY6Il9mbGFzaCI7YToyOntzOjM6Im9sZCI7YTowOnt9czozOiJuZXciO2E6MDp7fX19', 1758120901),
('bTa8en5rOkxLqyc5dPzuMI2r0B4M7hndFh10aaNA', NULL, '127.0.0.1', 'Mozilla/5.0 (Windows NT 10.0; Win64; x64) AppleWebKit/537.36 (KHTML, like Gecko) Chrome/140.0.0.0 Safari/537.36', 'YTozOntzOjY6Il90b2tlbiI7czo0MDoiSVpENEw0UlFENktKVzd3Z2NEOHZXYlo3eTYzU1oyZzFsejE0Zm1VYiI7czo5OiJfcHJldmlvdXMiO2E6MTp7czozOiJ1cmwiO3M6NDc6Imh0dHA6Ly8xMjcuMC4wLjE6ODAwMC9hcGkvcmVzdGF1cmFudC8xMDQvdHJlbmRzIjt9czo2OiJfZmxhc2giO2E6Mjp7czozOiJvbGQiO2E6MDp7fXM6MzoibmV3IjthOjA6e319fQ==', 1758121110),
('BUly214UblKfYJqJeRn9ItzppjcVJcQyR0w1aHrk', NULL, '127.0.0.1', 'Mozilla/5.0 (Windows NT 10.0; Win64; x64) AppleWebKit/537.36 (KHTML, like Gecko) Chrome/140.0.0.0 Safari/537.36', 'YTozOntzOjY6Il90b2tlbiI7czo0MDoia0Rnd3RCM0xMOVlmMUdmUmtOYWl2M1lYNHpSZFZPZmJYMll4YW1yQiI7czo5OiJfcHJldmlvdXMiO2E6MTp7czozOiJ1cmwiO3M6Mzc6Imh0dHA6Ly8xMjcuMC4wLjE6ODAwMC9hcGkvcmVzdGF1cmFudHMiO31zOjY6Il9mbGFzaCI7YToyOntzOjM6Im9sZCI7YTowOnt9czozOiJuZXciO2E6MDp7fX19', 1758118093),
('c8SMJuEQFEiQbbjsaYMG51KMDYfkyl3S0RfzdglN', NULL, '127.0.0.1', 'Mozilla/5.0 (Windows NT 10.0; Win64; x64) AppleWebKit/537.36 (KHTML, like Gecko) Chrome/140.0.0.0 Safari/537.36', 'YTozOntzOjY6Il90b2tlbiI7czo0MDoiZE4ySDIwUkZVVjhab2ZOY1U2bVBCbkl1bFRZQ2J1SVBZOE90M3VTWSI7czo5OiJfcHJldmlvdXMiO2E6MTp7czozOiJ1cmwiO3M6NDE6Imh0dHA6Ly8xMjcuMC4wLjE6ODAwMC9hcGkvdG9wLXJlc3RhdXJhbnRzIjt9czo2OiJfZmxhc2giO2E6Mjp7czozOiJvbGQiO2E6MDp7fXM6MzoibmV3IjthOjA6e319fQ==', 1758119525),
('cgLcsQlkwOCjK9jKMfKwvuJGd1TP0wSuDxl90vtw', NULL, '127.0.0.1', 'Mozilla/5.0 (Windows NT 10.0; Win64; x64) AppleWebKit/537.36 (KHTML, like Gecko) Chrome/140.0.0.0 Safari/537.36', 'YTozOntzOjY6Il90b2tlbiI7czo0MDoiODR5b1VhaFVqTlc0d1B2YkxoUUJTdnp2djNvQkxwNDRmRHZTa2JuTCI7czo5OiJfcHJldmlvdXMiO2E6MTp7czozOiJ1cmwiO3M6Mzc6Imh0dHA6Ly8xMjcuMC4wLjE6ODAwMC9hcGkvcmVzdGF1cmFudHMiO31zOjY6Il9mbGFzaCI7YToyOntzOjM6Im9sZCI7YTowOnt9czozOiJuZXciO2E6MDp7fX19', 1758118093),
('CoQMsZSkiPohpnJAhf7IPiQZfzs4BMw4a6rTtYg9', NULL, '127.0.0.1', 'Mozilla/5.0 (Windows NT 10.0; Win64; x64) AppleWebKit/537.36 (KHTML, like Gecko) Chrome/140.0.0.0 Safari/537.36', 'YTozOntzOjY6Il90b2tlbiI7czo0MDoiRVVPVUw1aTdJZVpjYklON0JNWUVNNlQzZnlXQ3YwMVVETUdlTnRheiI7czo5OiJfcHJldmlvdXMiO2E6MTp7czozOiJ1cmwiO3M6Mzc6Imh0dHA6Ly8xMjcuMC4wLjE6ODAwMC9hcGkvcmVzdGF1cmFudHMiO31zOjY6Il9mbGFzaCI7YToyOntzOjM6Im9sZCI7YTowOnt9czozOiJuZXciO2E6MDp7fX19', 1758118060),
('Cz9QW2eVqVHD8gju14UZXMh7lnewdFYSSjn8PbSo', NULL, '127.0.0.1', 'Mozilla/5.0 (Windows NT 10.0; Win64; x64) AppleWebKit/537.36 (KHTML, like Gecko) Chrome/140.0.0.0 Safari/537.36', 'YTozOntzOjY6Il90b2tlbiI7czo0MDoiZGZtRkZZTzZ1Rkl1bUIwVkFVQ3B5MWdiaUFtaXhwd1dDeEhVMUtYbiI7czo5OiJfcHJldmlvdXMiO2E6MTp7czozOiJ1cmwiO3M6NDE6Imh0dHA6Ly8xMjcuMC4wLjE6ODAwMC9hcGkvdG9wLXJlc3RhdXJhbnRzIjt9czo2OiJfZmxhc2giO2E6Mjp7czozOiJvbGQiO2E6MDp7fXM6MzoibmV3IjthOjA6e319fQ==', 1758121917),
('D5YRdS1clfQMIjsWWiPDEWV9b4nhJbYikV6qNZSe', NULL, '127.0.0.1', 'Mozilla/5.0 (Windows NT 10.0; Win64; x64) AppleWebKit/537.36 (KHTML, like Gecko) Chrome/140.0.0.0 Safari/537.36', 'YTozOntzOjY6Il90b2tlbiI7czo0MDoiUFR2elF0R1ZwQVdQOFliQWo0bEROS2lGaFNwSlZzR2c0eHJYVlQ4RSI7czo5OiJfcHJldmlvdXMiO2E6MTp7czozOiJ1cmwiO3M6Mzc6Imh0dHA6Ly8xMjcuMC4wLjE6ODAwMC9hcGkvcmVzdGF1cmFudHMiO31zOjY6Il9mbGFzaCI7YToyOntzOjM6Im9sZCI7YTowOnt9czozOiJuZXciO2E6MDp7fX19', 1758119987),
('D8lvqpp9w7GA9VPZL2miUkyblHwEKGsT4rhJIWvg', NULL, '127.0.0.1', 'Mozilla/5.0 (Windows NT 10.0; Win64; x64) AppleWebKit/537.36 (KHTML, like Gecko) Chrome/140.0.0.0 Safari/537.36', 'YTozOntzOjY6Il90b2tlbiI7czo0MDoiUGtIN2YyUnNicjYwS20wRFZwcXhOT0Q3dllOdW95UmkyeFNrMmRrZSI7czo5OiJfcHJldmlvdXMiO2E6MTp7czozOiJ1cmwiO3M6NDc6Imh0dHA6Ly8xMjcuMC4wLjE6ODAwMC9hcGkvcmVzdGF1cmFudC8xMDEvdHJlbmRzIjt9czo2OiJfZmxhc2giO2E6Mjp7czozOiJvbGQiO2E6MDp7fXM6MzoibmV3IjthOjA6e319fQ==', 1758118142),
('dEhSc7N1K2i3JNr70B9aQYnqqLCi0wVBc2NecdTL', NULL, '127.0.0.1', 'Mozilla/5.0 (Windows NT 10.0; Win64; x64) AppleWebKit/537.36 (KHTML, like Gecko) Chrome/140.0.0.0 Safari/537.36', 'YTozOntzOjY6Il90b2tlbiI7czo0MDoia2pweFhYWFdVTXVPQ0RQMVZCaDlqZ21CYzkwWFFlYThTNVdGQkdUVCI7czo5OiJfcHJldmlvdXMiO2E6MTp7czozOiJ1cmwiO3M6NDc6Imh0dHA6Ly8xMjcuMC4wLjE6ODAwMC9hcGkvcmVzdGF1cmFudC8xMDQvdHJlbmRzIjt9czo2OiJfZmxhc2giO2E6Mjp7czozOiJvbGQiO2E6MDp7fXM6MzoibmV3IjthOjA6e319fQ==', 1758118322),
('dOqZ8ivl4ysGlp0Bc6vqrp0s1ouCAsfnDl8bVtng', NULL, '127.0.0.1', 'Mozilla/5.0 (Windows NT 10.0; Win64; x64) AppleWebKit/537.36 (KHTML, like Gecko) Chrome/140.0.0.0 Safari/537.36', 'YTozOntzOjY6Il90b2tlbiI7czo0MDoiaEVnbDY0NWExTk5FS05LM0hqZlJGUGJ1N2NKVGlDTHpyRk9YSzhxNSI7czo5OiJfcHJldmlvdXMiO2E6MTp7czozOiJ1cmwiO3M6NDc6Imh0dHA6Ly8xMjcuMC4wLjE6ODAwMC9hcGkvcmVzdGF1cmFudC8xMDEvdHJlbmRzIjt9czo2OiJfZmxhc2giO2E6Mjp7czozOiJvbGQiO2E6MDp7fXM6MzoibmV3IjthOjA6e319fQ==', 1758118315),
('DU94sZK0BvEdgoHH7Cz0Ly1DN0aLexWHce7nozRd', NULL, '127.0.0.1', 'Mozilla/5.0 (Windows NT 10.0; Win64; x64) AppleWebKit/537.36 (KHTML, like Gecko) Chrome/140.0.0.0 Safari/537.36', 'YTozOntzOjY6Il90b2tlbiI7czo0MDoidVdOa3BvT1pBanBaVkpwb3l6UEgzYXRKekhqclB3QnJ6NVp5WkczaiI7czo5OiJfcHJldmlvdXMiO2E6MTp7czozOiJ1cmwiO3M6Mzc6Imh0dHA6Ly8xMjcuMC4wLjE6ODAwMC9hcGkvcmVzdGF1cmFudHMiO31zOjY6Il9mbGFzaCI7YToyOntzOjM6Im9sZCI7YTowOnt9czozOiJuZXciO2E6MDp7fX19', 1758117795),
('f2LtimXZBkgqbE9VDIJqo8fgKuknjybdjV7xC5zq', NULL, '127.0.0.1', 'Mozilla/5.0 (Windows NT 10.0; Win64; x64) AppleWebKit/537.36 (KHTML, like Gecko) Chrome/140.0.0.0 Safari/537.36', 'YTozOntzOjY6Il90b2tlbiI7czo0MDoiYmYwakZ6VnVvVUVSMVRpdnJEN0VJWUpGVnV0eGh4akF2dW10UEJtcCI7czo5OiJfcHJldmlvdXMiO2E6MTp7czozOiJ1cmwiO3M6NDc6Imh0dHA6Ly8xMjcuMC4wLjE6ODAwMC9hcGkvcmVzdGF1cmFudC8xMDMvdHJlbmRzIjt9czo2OiJfZmxhc2giO2E6Mjp7czozOiJvbGQiO2E6MDp7fXM6MzoibmV3IjthOjA6e319fQ==', 1758119543),
('fNVzfP4mIf6K0BWhEtxXNDe46D1hcxOrOMFWRGWQ', NULL, '127.0.0.1', 'Mozilla/5.0 (Windows NT 10.0; Win64; x64) AppleWebKit/537.36 (KHTML, like Gecko) Chrome/140.0.0.0 Safari/537.36', 'YTozOntzOjY6Il90b2tlbiI7czo0MDoiSzJXVnRhN0puNVBRaW5DSW9ZanRYU2R6Zm16TXV6UlpDNk9qbnFSbSI7czo5OiJfcHJldmlvdXMiO2E6MTp7czozOiJ1cmwiO3M6NDc6Imh0dHA6Ly8xMjcuMC4wLjE6ODAwMC9hcGkvcmVzdGF1cmFudC8xMDIvdHJlbmRzIjt9czo2OiJfZmxhc2giO2E6Mjp7czozOiJvbGQiO2E6MDp7fXM6MzoibmV3IjthOjA6e319fQ==', 1758121515),
('FS6ok47YOYYmIx6nqVk8c9GEPNxFUtVKCDKNi3wy', NULL, '127.0.0.1', 'Mozilla/5.0 (Windows NT 10.0; Win64; x64) AppleWebKit/537.36 (KHTML, like Gecko) Chrome/140.0.0.0 Safari/537.36', 'YTozOntzOjY6Il90b2tlbiI7czo0MDoibTZTam5LYkNGZFF3ZHRLNDdFcDNWTDFSODFrWHZ3cmoxZ1hoSzJtcSI7czo5OiJfcHJldmlvdXMiO2E6MTp7czozOiJ1cmwiO3M6Mzc6Imh0dHA6Ly8xMjcuMC4wLjE6ODAwMC9hcGkvcmVzdGF1cmFudHMiO31zOjY6Il9mbGFzaCI7YToyOntzOjM6Im9sZCI7YTowOnt9czozOiJuZXciO2E6MDp7fX19', 1758120877),
('fTa4qT0rFI3CIFlrJeluAXGYyIRoNGROGNx1E2o9', NULL, '127.0.0.1', 'Mozilla/5.0 (Windows NT 10.0; Win64; x64) AppleWebKit/537.36 (KHTML, like Gecko) Chrome/140.0.0.0 Safari/537.36', 'YTozOntzOjY6Il90b2tlbiI7czo0MDoiMEZzM3FYRzRYSHdQY3lZN29uSU1adG9wOThuYmQyVXdJZWp6YUtoeiI7czo5OiJfcHJldmlvdXMiO2E6MTp7czozOiJ1cmwiO3M6NDc6Imh0dHA6Ly8xMjcuMC4wLjE6ODAwMC9hcGkvcmVzdGF1cmFudC8xMDMvdHJlbmRzIjt9czo2OiJfZmxhc2giO2E6Mjp7czozOiJvbGQiO2E6MDp7fXM6MzoibmV3IjthOjA6e319fQ==', 1758121047),
('FyNI18pAHCNjciPkM3fKVRIqTyPG85KJZGCQnryL', NULL, '127.0.0.1', 'Mozilla/5.0 (Windows NT 10.0; Win64; x64) AppleWebKit/537.36 (KHTML, like Gecko) Chrome/140.0.0.0 Safari/537.36', 'YTozOntzOjY6Il90b2tlbiI7czo0MDoiWGcxbDRaZUdqY2RvSmpkckRHZElRd29ocGN3eTdUd1k1dGE4YTNUSyI7czo5OiJfcHJldmlvdXMiO2E6MTp7czozOiJ1cmwiO3M6Mzc6Imh0dHA6Ly8xMjcuMC4wLjE6ODAwMC9hcGkvcmVzdGF1cmFudHMiO31zOjY6Il9mbGFzaCI7YToyOntzOjM6Im9sZCI7YTowOnt9czozOiJuZXciO2E6MDp7fX19', 1758120223),
('Gpc2lXtMJrwd5xRixyLfrm4BbClyX2Y7hKB9q26t', NULL, '127.0.0.1', 'Mozilla/5.0 (Windows NT 10.0; Win64; x64) AppleWebKit/537.36 (KHTML, like Gecko) Chrome/140.0.0.0 Safari/537.36', 'YTozOntzOjY6Il90b2tlbiI7czo0MDoiZmlZOHl6NlNsdkppVW5EQ3IwMmlPMFdMVzNyZ1ZXTDYybUg2Q1lnUCI7czo5OiJfcHJldmlvdXMiO2E6MTp7czozOiJ1cmwiO3M6NDc6Imh0dHA6Ly8xMjcuMC4wLjE6ODAwMC9hcGkvcmVzdGF1cmFudC8xMDEvdHJlbmRzIjt9czo2OiJfZmxhc2giO2E6Mjp7czozOiJvbGQiO2E6MDp7fXM6MzoibmV3IjthOjA6e319fQ==', 1758119193),
('h1KtkpSP51dtrbohaksBj78ESCv9XTmtTYThMXWD', NULL, '127.0.0.1', 'Mozilla/5.0 (Windows NT 10.0; Win64; x64) AppleWebKit/537.36 (KHTML, like Gecko) Chrome/140.0.0.0 Safari/537.36', 'YTozOntzOjY6Il90b2tlbiI7czo0MDoiVXA4MXlmS3g1MW1RTnJtUzhVbVM4VFI5RllGSjRqQ2ZKdXRnOHpFQyI7czo5OiJfcHJldmlvdXMiO2E6MTp7czozOiJ1cmwiO3M6NDc6Imh0dHA6Ly8xMjcuMC4wLjE6ODAwMC9hcGkvcmVzdGF1cmFudC8xMDQvdHJlbmRzIjt9czo2OiJfZmxhc2giO2E6Mjp7czozOiJvbGQiO2E6MDp7fXM6MzoibmV3IjthOjA6e319fQ==', 1758120003),
('hRW2BJINoaXYOS9ls4OXki3uFIdPnYb0OsyFCMNd', NULL, '127.0.0.1', 'Mozilla/5.0 (Windows NT 10.0; Win64; x64) AppleWebKit/537.36 (KHTML, like Gecko) Chrome/140.0.0.0 Safari/537.36', 'YTozOntzOjY6Il90b2tlbiI7czo0MDoiSnE0ZlJCcUxjOU1OUjNNeFpCdmRKb3paMEJ2M3Z4bHdkaWJYRzlsWSI7czo5OiJfcHJldmlvdXMiO2E6MTp7czozOiJ1cmwiO3M6NDc6Imh0dHA6Ly8xMjcuMC4wLjE6ODAwMC9hcGkvcmVzdGF1cmFudC8xMDMvdHJlbmRzIjt9czo2OiJfZmxhc2giO2E6Mjp7czozOiJvbGQiO2E6MDp7fXM6MzoibmV3IjthOjA6e319fQ==', 1758121301),
('HUDvvP4pvbSoiGlI0d7smOkyzlt4QDUooxqTDO9s', NULL, '127.0.0.1', 'Mozilla/5.0 (Windows NT 10.0; Win64; x64) AppleWebKit/537.36 (KHTML, like Gecko) Chrome/140.0.0.0 Safari/537.36', 'YTozOntzOjY6Il90b2tlbiI7czo0MDoiTmZ0NVdxV2k3bXlyb3FZQWc5d3plN0NHZnVWOG5hcGNWaDFWck9XayI7czo5OiJfcHJldmlvdXMiO2E6MTp7czozOiJ1cmwiO3M6Mzc6Imh0dHA6Ly8xMjcuMC4wLjE6ODAwMC9hcGkvcmVzdGF1cmFudHMiO31zOjY6Il9mbGFzaCI7YToyOntzOjM6Im9sZCI7YTowOnt9czozOiJuZXciO2E6MDp7fX19', 1758119188),
('HWGeeJmiGJDmdjviGFp41tGwcdQVlPrdJCGqlJik', NULL, '127.0.0.1', 'Mozilla/5.0 (Windows NT 10.0; Win64; x64) AppleWebKit/537.36 (KHTML, like Gecko) Chrome/140.0.0.0 Safari/537.36', 'YTozOntzOjY6Il90b2tlbiI7czo0MDoiTHVWelhKZkRkemttZzhLUzZXVHNGbGpWMGh5cTNZTkdPdWtCWGRFRyI7czo5OiJfcHJldmlvdXMiO2E6MTp7czozOiJ1cmwiO3M6NDE6Imh0dHA6Ly8xMjcuMC4wLjE6ODAwMC9hcGkvdG9wLXJlc3RhdXJhbnRzIjt9czo2OiJfZmxhc2giO2E6Mjp7czozOiJvbGQiO2E6MDp7fXM6MzoibmV3IjthOjA6e319fQ==', 1758118112),
('i3jnpwGcdCca9YN63Q6wbeBx2wEwwac5Zc5lK4hr', NULL, '127.0.0.1', 'Mozilla/5.0 (Windows NT 10.0; Win64; x64) AppleWebKit/537.36 (KHTML, like Gecko) Chrome/140.0.0.0 Safari/537.36', 'YTozOntzOjY6Il90b2tlbiI7czo0MDoiTmtuWXVDMTdQOFZVb3hWSXhmOVYyQlJoOUNWTHdwUkxMcjBQWFlaNyI7czo5OiJfcHJldmlvdXMiO2E6MTp7czozOiJ1cmwiO3M6NDc6Imh0dHA6Ly8xMjcuMC4wLjE6ODAwMC9hcGkvcmVzdGF1cmFudC8xMDQvdHJlbmRzIjt9czo2OiJfZmxhc2giO2E6Mjp7czozOiJvbGQiO2E6MDp7fXM6MzoibmV3IjthOjA6e319fQ==', 1758120264),
('Imfth2QJsosjs8A3Ne6kKyZmeKiZiOmyNtkBMzvi', NULL, '127.0.0.1', 'Mozilla/5.0 (Windows NT 10.0; Win64; x64) AppleWebKit/537.36 (KHTML, like Gecko) Chrome/140.0.0.0 Safari/537.36', 'YTozOntzOjY6Il90b2tlbiI7czo0MDoicXpSZE5rTUx1bFY4akVOWEZoTnE0QkdtOVBLeTBobTlsalVxeXd5aCI7czo5OiJfcHJldmlvdXMiO2E6MTp7czozOiJ1cmwiO3M6NDc6Imh0dHA6Ly8xMjcuMC4wLjE6ODAwMC9hcGkvcmVzdGF1cmFudC8xMDEvdHJlbmRzIjt9czo2OiJfZmxhc2giO2E6Mjp7czozOiJvbGQiO2E6MDp7fXM6MzoibmV3IjthOjA6e319fQ==', 1758120911),
('ImZkgy70YW0AB6tZnq1JoLFEmJWw0QzSh6tebPus', NULL, '127.0.0.1', 'Mozilla/5.0 (Windows NT 10.0; Win64; x64) AppleWebKit/537.36 (KHTML, like Gecko) Chrome/140.0.0.0 Safari/537.36', 'YTozOntzOjY6Il90b2tlbiI7czo0MDoia09ZV2xVd1RnS01pc29DbGluRUFmMWx2WVdabGNCM0hZMEZReTAyUCI7czo5OiJfcHJldmlvdXMiO2E6MTp7czozOiJ1cmwiO3M6NDE6Imh0dHA6Ly8xMjcuMC4wLjE6ODAwMC9hcGkvdG9wLXJlc3RhdXJhbnRzIjt9czo2OiJfZmxhc2giO2E6Mjp7czozOiJvbGQiO2E6MDp7fXM6MzoibmV3IjthOjA6e319fQ==', 1758118093),
('IrsMTwCKnY27FujpWuGil48tnfpxtVPuj9vqN5Xv', NULL, '127.0.0.1', 'Mozilla/5.0 (Windows NT 10.0; Win64; x64) AppleWebKit/537.36 (KHTML, like Gecko) Chrome/140.0.0.0 Safari/537.36', 'YTozOntzOjY6Il90b2tlbiI7czo0MDoiSkdydUxvZXhwazQyaVlEaXdiN3ljU2gwN3pneDRtZUppZ00zOFdRRyI7czo5OiJfcHJldmlvdXMiO2E6MTp7czozOiJ1cmwiO3M6NDc6Imh0dHA6Ly8xMjcuMC4wLjE6ODAwMC9hcGkvcmVzdGF1cmFudC8xMDQvdHJlbmRzIjt9czo2OiJfZmxhc2giO2E6Mjp7czozOiJvbGQiO2E6MDp7fXM6MzoibmV3IjthOjA6e319fQ==', 1758121049),
('ISrhrMvqk67z5eNrP6n1Jv9uBpOJaTTRyhggloe7', NULL, '127.0.0.1', 'Mozilla/5.0 (Windows NT 10.0; Win64; x64) AppleWebKit/537.36 (KHTML, like Gecko) Chrome/140.0.0.0 Safari/537.36', 'YTozOntzOjY6Il90b2tlbiI7czo0MDoiU3k0cE9DUHJyQklSc1NlMnNHR1R5dktpUm5hN0s0ZUNDUXJxQ05CSSI7czo5OiJfcHJldmlvdXMiO2E6MTp7czozOiJ1cmwiO3M6NDE6Imh0dHA6Ly8xMjcuMC4wLjE6ODAwMC9hcGkvdG9wLXJlc3RhdXJhbnRzIjt9czo2OiJfZmxhc2giO2E6Mjp7czozOiJvbGQiO2E6MDp7fXM6MzoibmV3IjthOjA6e319fQ==', 1758120222),
('iT9B0XzN85KIEo3QBKNYb1o3AFBe6IhlNIjD0l64', NULL, '127.0.0.1', 'Mozilla/5.0 (Windows NT 10.0; Win64; x64) AppleWebKit/537.36 (KHTML, like Gecko) Chrome/140.0.0.0 Safari/537.36', 'YTozOntzOjY6Il90b2tlbiI7czo0MDoiT2pjUHIybHZNdU5NYmJNdERIc01xSDNpNHpMYnF3bnZsNmY0TDZVMCI7czo5OiJfcHJldmlvdXMiO2E6MTp7czozOiJ1cmwiO3M6NDc6Imh0dHA6Ly8xMjcuMC4wLjE6ODAwMC9hcGkvcmVzdGF1cmFudC8xMDEvdHJlbmRzIjt9czo2OiJfZmxhc2giO2E6Mjp7czozOiJvbGQiO2E6MDp7fXM6MzoibmV3IjthOjA6e319fQ==', 1758119221),
('iYnAgRKexmVinR3C5dPs8nXGaYyUmruGRk5b8261', NULL, '127.0.0.1', 'Mozilla/5.0 (Windows NT 10.0; Win64; x64) AppleWebKit/537.36 (KHTML, like Gecko) Chrome/140.0.0.0 Safari/537.36', 'YTozOntzOjY6Il90b2tlbiI7czo0MDoiTTFqZTVCQVh2RlJTMzR0NzFzMDJuSXhpaHQ3N1k1SDBhUlVTSGxhZCI7czo5OiJfcHJldmlvdXMiO2E6MTp7czozOiJ1cmwiO3M6NjM6Imh0dHA6Ly8xMjcuMC4wLjE6ODAwMC9hcGkvcmVzdGF1cmFudC8xMDQvdHJlbmRzP2Zyb209MjAyNS0wNS0yMiI7fXM6NjoiX2ZsYXNoIjthOjI6e3M6Mzoib2xkIjthOjA6e31zOjM6Im5ldyI7YTowOnt9fX0=', 1758120477),
('JwsFNMyDDbELsTOWrsFXTc5eLVYQlGT6Yu5tGbV8', NULL, '127.0.0.1', 'Mozilla/5.0 (Windows NT 10.0; Win64; x64) AppleWebKit/537.36 (KHTML, like Gecko) Chrome/140.0.0.0 Safari/537.36', 'YTozOntzOjY6Il90b2tlbiI7czo0MDoiYkZNSXNJOGFGTFhsWk5MNTBCS2tQZFJVZkw2MnZMSDRvbWd3NEkwSCI7czo5OiJfcHJldmlvdXMiO2E6MTp7czozOiJ1cmwiO3M6NDc6Imh0dHA6Ly8xMjcuMC4wLjE6ODAwMC9hcGkvcmVzdGF1cmFudC8xMDEvdHJlbmRzIjt9czo2OiJfZmxhc2giO2E6Mjp7czozOiJvbGQiO2E6MDp7fXM6MzoibmV3IjthOjA6e319fQ==', 1758118338),
('jXF3eVQunjnaNwwGmieHFnMJAruh0CbvIRGcvrY8', NULL, '127.0.0.1', 'Mozilla/5.0 (Windows NT 10.0; Win64; x64) AppleWebKit/537.36 (KHTML, like Gecko) Chrome/140.0.0.0 Safari/537.36', 'YTozOntzOjY6Il90b2tlbiI7czo0MDoiNTZEQTh1ckd1RVhYclNrb1JIOEgyb3RHSVFkZWJDWEE2UHJoWWEzYyI7czo5OiJfcHJldmlvdXMiO2E6MTp7czozOiJ1cmwiO3M6NDE6Imh0dHA6Ly8xMjcuMC4wLjE6ODAwMC9hcGkvdG9wLXJlc3RhdXJhbnRzIjt9czo2OiJfZmxhc2giO2E6Mjp7czozOiJvbGQiO2E6MDp7fXM6MzoibmV3IjthOjA6e319fQ==', 1758120674),
('JytfVsUCJztSq54jbUpAhiFLihWz5caTy3N6hoJA', NULL, '127.0.0.1', 'Mozilla/5.0 (Windows NT 10.0; Win64; x64) AppleWebKit/537.36 (KHTML, like Gecko) Chrome/140.0.0.0 Safari/537.36', 'YTozOntzOjY6Il90b2tlbiI7czo0MDoiWU9Jd2RKdkc2SzhrREVYdjdzWlJCTjhqZWVUZVZIWlhPb1hrOTUyMyI7czo5OiJfcHJldmlvdXMiO2E6MTp7czozOiJ1cmwiO3M6Mzc6Imh0dHA6Ly8xMjcuMC4wLjE6ODAwMC9hcGkvcmVzdGF1cmFudHMiO31zOjY6Il9mbGFzaCI7YToyOntzOjM6Im9sZCI7YTowOnt9czozOiJuZXciO2E6MDp7fX19', 1758121506),
('K7E9Arnj3E57WUJi4YFVHOoyQtvhUsgXvHpKyffE', NULL, '127.0.0.1', 'Mozilla/5.0 (Windows NT 10.0; Win64; x64) AppleWebKit/537.36 (KHTML, like Gecko) Chrome/140.0.0.0 Safari/537.36', 'YTozOntzOjY6Il90b2tlbiI7czo0MDoiOHB6cE5zNEc0cmE5cTZqSE5wWHBGVkJHbUdnUzdLTklUTTlJUDNUbyI7czo5OiJfcHJldmlvdXMiO2E6MTp7czozOiJ1cmwiO3M6NDc6Imh0dHA6Ly8xMjcuMC4wLjE6ODAwMC9hcGkvcmVzdGF1cmFudC8xMDMvdHJlbmRzIjt9czo2OiJfZmxhc2giO2E6Mjp7czozOiJvbGQiO2E6MDp7fXM6MzoibmV3IjthOjA6e319fQ==', 1758121703),
('kAlPZddEKJhiSEHhGJQqkBeB5KK4qmT38PRj0tdd', NULL, '127.0.0.1', 'Mozilla/5.0 (Windows NT 10.0; Win64; x64) AppleWebKit/537.36 (KHTML, like Gecko) Chrome/140.0.0.0 Safari/537.36', 'YTozOntzOjY6Il90b2tlbiI7czo0MDoiMHRzbHZkV0c2ZlZCYlYxSDFmeGl2eWVkZDV3S1hOYXZCelF1WE51MSI7czo5OiJfcHJldmlvdXMiO2E6MTp7czozOiJ1cmwiO3M6Nzc6Imh0dHA6Ly8xMjcuMC4wLjE6ODAwMC9hcGkvcmVzdGF1cmFudC8xMDQvdHJlbmRzP2Zyb209MjAyNS0wOS0xNiZ0bz0yMDI1LTA5LTE3Ijt9czo2OiJfZmxhc2giO2E6Mjp7czozOiJvbGQiO2E6MDp7fXM6MzoibmV3IjthOjA6e319fQ==', 1758120014),
('khXt6OuhRneujOD3sEXOlrG2yCHXGZAcaujqVcrv', NULL, '127.0.0.1', 'Mozilla/5.0 (Windows NT 10.0; Win64; x64) AppleWebKit/537.36 (KHTML, like Gecko) Chrome/140.0.0.0 Safari/537.36', 'YTozOntzOjY6Il90b2tlbiI7czo0MDoiem1vakczczM3ZzRxTmVQWUlSbU85SU55Q3kyVUwzcW9RS1ZCZGNMWiI7czo5OiJfcHJldmlvdXMiO2E6MTp7czozOiJ1cmwiO3M6NDc6Imh0dHA6Ly8xMjcuMC4wLjE6ODAwMC9hcGkvcmVzdGF1cmFudC8xMDEvdHJlbmRzIjt9czo2OiJfZmxhc2giO2E6Mjp7czozOiJvbGQiO2E6MDp7fXM6MzoibmV3IjthOjA6e319fQ==', 1758121683),
('kTLazc6sYByjp42ar4PFCdApbZSLX9sVFP7j0WeI', NULL, '127.0.0.1', 'Mozilla/5.0 (Windows NT 10.0; Win64; x64) AppleWebKit/537.36 (KHTML, like Gecko) Chrome/140.0.0.0 Safari/537.36', 'YTozOntzOjY6Il90b2tlbiI7czo0MDoiZmQxQXp2ZjV5RFZ5azR6MnA2WklPMGQxUnNaVjBaZzdYVWNId0M4QyI7czo5OiJfcHJldmlvdXMiO2E6MTp7czozOiJ1cmwiO3M6NjM6Imh0dHA6Ly8xMjcuMC4wLjE6ODAwMC9hcGkvcmVzdGF1cmFudC8xMDQvdHJlbmRzP2Zyb209MjAyNS0wOS0xNiI7fXM6NjoiX2ZsYXNoIjthOjI6e3M6Mzoib2xkIjthOjA6e31zOjM6Im5ldyI7YTowOnt9fX0=', 1758120011),
('l72on1aUtmfacaS14O4ARUCydntWyaho6ISZVY2P', NULL, '127.0.0.1', 'Mozilla/5.0 (Windows NT 10.0; Win64; x64) AppleWebKit/537.36 (KHTML, like Gecko) Chrome/140.0.0.0 Safari/537.36', 'YTozOntzOjY6Il90b2tlbiI7czo0MDoiNmJIeTVVZzJ6VUJwR3RZUXpRMDdmUTlWT3g0NzdvVUo0bDlzckh4OCI7czo5OiJfcHJldmlvdXMiO2E6MTp7czozOiJ1cmwiO3M6Mzc6Imh0dHA6Ly8xMjcuMC4wLjE6ODAwMC9hcGkvcmVzdGF1cmFudHMiO31zOjY6Il9mbGFzaCI7YToyOntzOjM6Im9sZCI7YTowOnt9czozOiJuZXciO2E6MDp7fX19', 1758119531),
('lAihYVmow7fz02a6uNyshSlx6eyZlaWsY5wUgMN7', NULL, '127.0.0.1', 'Mozilla/5.0 (Windows NT 10.0; Win64; x64) AppleWebKit/537.36 (KHTML, like Gecko) Chrome/140.0.0.0 Safari/537.36', 'YTozOntzOjY6Il90b2tlbiI7czo0MDoiQ1FPcngzVFZwWGpYSEN5QnF1WFRLaENVUWljVTk0VlNNTW0yRzNYWCI7czo5OiJfcHJldmlvdXMiO2E6MTp7czozOiJ1cmwiO3M6NDE6Imh0dHA6Ly8xMjcuMC4wLjE6ODAwMC9hcGkvdG9wLXJlc3RhdXJhbnRzIjt9czo2OiJfZmxhc2giO2E6Mjp7czozOiJvbGQiO2E6MDp7fXM6MzoibmV3IjthOjA6e319fQ==', 1758120876),
('LYPST6GWObNwyuMskAhj1A1QMwblCxPjBvCIHcBx', NULL, '127.0.0.1', 'Mozilla/5.0 (Windows NT 10.0; Win64; x64) AppleWebKit/537.36 (KHTML, like Gecko) Chrome/140.0.0.0 Safari/537.36', 'YTozOntzOjY6Il90b2tlbiI7czo0MDoiVDJ1dWl5TlhwWm9rTDFiaVcxcHczb09PdDEwTDdYNTJ5d3FzNnZZbiI7czo5OiJfcHJldmlvdXMiO2E6MTp7czozOiJ1cmwiO3M6Mzc6Imh0dHA6Ly8xMjcuMC4wLjE6ODAwMC9hcGkvcmVzdGF1cmFudHMiO31zOjY6Il9mbGFzaCI7YToyOntzOjM6Im9sZCI7YTowOnt9czozOiJuZXciO2E6MDp7fX19', 1758121506),
('Mjmbj86c7XDQWSqbjqKm8rYpBqhTWoM313f5UH2Z', NULL, '127.0.0.1', 'Mozilla/5.0 (Windows NT 10.0; Win64; x64) AppleWebKit/537.36 (KHTML, like Gecko) Chrome/140.0.0.0 Safari/537.36', 'YTozOntzOjY6Il90b2tlbiI7czo0MDoiVmhGSUZxdGZINkVGWHhlZ1pBVjU3aXBRT0MzUWxTOFJ2ekFHNEFBSSI7czo5OiJfcHJldmlvdXMiO2E6MTp7czozOiJ1cmwiO3M6Mzc6Imh0dHA6Ly8xMjcuMC4wLjE6ODAwMC9hcGkvcmVzdGF1cmFudHMiO31zOjY6Il9mbGFzaCI7YToyOntzOjM6Im9sZCI7YTowOnt9czozOiJuZXciO2E6MDp7fX19', 1758120674),
('mqOiq0CljytfIcmj9weIM1DpHeLF2J2oVe0tDhoa', NULL, '127.0.0.1', 'Mozilla/5.0 (Windows NT 10.0; Win64; x64) AppleWebKit/537.36 (KHTML, like Gecko) Chrome/140.0.0.0 Safari/537.36', 'YTozOntzOjY6Il90b2tlbiI7czo0MDoiT1ZnU0tUMjYyWGxScVFWbU5xSU9mdlE2QUdyWlpwWUVBRTI5WmtudiI7czo5OiJfcHJldmlvdXMiO2E6MTp7czozOiJ1cmwiO3M6NDc6Imh0dHA6Ly8xMjcuMC4wLjE6ODAwMC9hcGkvcmVzdGF1cmFudC8xMDIvdHJlbmRzIjt9czo2OiJfZmxhc2giO2E6Mjp7czozOiJvbGQiO2E6MDp7fXM6MzoibmV3IjthOjA6e319fQ==', 1758118316),
('MRGqg6uIb8JQS1JoVM8EOCh528HrrhZ8mTb8jqar', NULL, '127.0.0.1', 'Mozilla/5.0 (Windows NT 10.0; Win64; x64) AppleWebKit/537.36 (KHTML, like Gecko) Chrome/140.0.0.0 Safari/537.36', 'YTozOntzOjY6Il90b2tlbiI7czo0MDoicFhsOUZlc3p0UkRMbWQ0VmRvdU9mQ2Q1YlZXQjVaeWt3cUFCc083aiI7czo5OiJfcHJldmlvdXMiO2E6MTp7czozOiJ1cmwiO3M6Mzc6Imh0dHA6Ly8xMjcuMC4wLjE6ODAwMC9hcGkvcmVzdGF1cmFudHMiO31zOjY6Il9mbGFzaCI7YToyOntzOjM6Im9sZCI7YTowOnt9czozOiJuZXciO2E6MDp7fX19', 1758120901),
('NchBGPY0da5lDBjc1wfrS0L89X6818BvONJOaARH', NULL, '127.0.0.1', 'Mozilla/5.0 (Windows NT 10.0; Win64; x64) AppleWebKit/537.36 (KHTML, like Gecko) Chrome/140.0.0.0 Safari/537.36', 'YTozOntzOjY6Il90b2tlbiI7czo0MDoiWmZwU1BaTTFzR1ZrclJXZTR4U2pUZmFVdXFIcmppU2VqaFFZMjhRZiI7czo5OiJfcHJldmlvdXMiO2E6MTp7czozOiJ1cmwiO3M6NDE6Imh0dHA6Ly8xMjcuMC4wLjE6ODAwMC9hcGkvdG9wLXJlc3RhdXJhbnRzIjt9czo2OiJfZmxhc2giO2E6Mjp7czozOiJvbGQiO2E6MDp7fXM6MzoibmV3IjthOjA6e319fQ==', 1758119530),
('nxV6WfvYVLYGzZCpY1I6Q3yEccTfrCLMBzCgYwtm', NULL, '127.0.0.1', 'Mozilla/5.0 (Windows NT 10.0; Win64; x64) AppleWebKit/537.36 (KHTML, like Gecko) Chrome/140.0.0.0 Safari/537.36', 'YTozOntzOjY6Il90b2tlbiI7czo0MDoib2k3N2tPdkQzaTQ1TUhBSGE1c0NyWGYwOXhTUGx4UmRnaGZkVlR4ZSI7czo5OiJfcHJldmlvdXMiO2E6MTp7czozOiJ1cmwiO3M6Mzc6Imh0dHA6Ly8xMjcuMC4wLjE6ODAwMC9hcGkvcmVzdGF1cmFudHMiO31zOjY6Il9mbGFzaCI7YToyOntzOjM6Im9sZCI7YTowOnt9czozOiJuZXciO2E6MDp7fX19', 1758119188),
('OewRVW1XkzzlbOEtJvfWsEs8jsu5wAoFdcVQVdgn', NULL, '127.0.0.1', 'Mozilla/5.0 (Windows NT 10.0; Win64; x64) AppleWebKit/537.36 (KHTML, like Gecko) Chrome/140.0.0.0 Safari/537.36', 'YTozOntzOjY6Il90b2tlbiI7czo0MDoiODFTNnlUSVdaZVlnbWRuME0wNHVMeENlUTRCVnpzMVI5dEhRdlp1OCI7czo5OiJfcHJldmlvdXMiO2E6MTp7czozOiJ1cmwiO3M6Mzc6Imh0dHA6Ly8xMjcuMC4wLjE6ODAwMC9hcGkvcmVzdGF1cmFudHMiO31zOjY6Il9mbGFzaCI7YToyOntzOjM6Im9sZCI7YTowOnt9czozOiJuZXciO2E6MDp7fX19', 1758121917),
('oFcxxTo9GYO6I4ulJKlZVVk3jPzLxFBcD5xgWvO2', NULL, '127.0.0.1', 'Mozilla/5.0 (Windows NT 10.0; Win64; x64) AppleWebKit/537.36 (KHTML, like Gecko) Chrome/140.0.0.0 Safari/537.36', 'YTozOntzOjY6Il90b2tlbiI7czo0MDoidGpsVEtLeDZUbE82NWpRZmRXZG1SYWJLeHZDd3FpTHpZV3pSSk9paSI7czo5OiJfcHJldmlvdXMiO2E6MTp7czozOiJ1cmwiO3M6NDc6Imh0dHA6Ly8xMjcuMC4wLjE6ODAwMC9hcGkvcmVzdGF1cmFudC8xMDQvdHJlbmRzIjt9czo2OiJfZmxhc2giO2E6Mjp7czozOiJvbGQiO2E6MDp7fXM6MzoibmV3IjthOjA6e319fQ==', 1758120500),
('p0TGOgNUEZMBxZaMPlFOqJDAd6XTOQ6VEGVD0Btz', NULL, '127.0.0.1', 'Mozilla/5.0 (Windows NT 10.0; Win64; x64) AppleWebKit/537.36 (KHTML, like Gecko) Chrome/140.0.0.0 Safari/537.36', 'YTozOntzOjY6Il90b2tlbiI7czo0MDoiMTZvQWZqR0xFQ25SQ0dDVGJCeGlHaWw4dmQ3WG16RWVJUHFWcVBaMSI7czo5OiJfcHJldmlvdXMiO2E6MTp7czozOiJ1cmwiO3M6NDc6Imh0dHA6Ly8xMjcuMC4wLjE6ODAwMC9hcGkvcmVzdGF1cmFudC8xMDMvdHJlbmRzIjt9czo2OiJfZmxhc2giO2E6Mjp7czozOiJvbGQiO2E6MDp7fXM6MzoibmV3IjthOjA6e319fQ==', 1758121516),
('pB5ArUegaql59A1ut4mpAowALaHRKmHE3xyKqbSV', NULL, '127.0.0.1', 'Mozilla/5.0 (Windows NT 10.0; Win64; x64) AppleWebKit/537.36 (KHTML, like Gecko) Chrome/140.0.0.0 Safari/537.36', 'YTozOntzOjY6Il90b2tlbiI7czo0MDoibk1HN1ZOa0xRaHNveFBIdTBMeW1yempWa2o3VENSMkd3c3NhZElaUSI7czo5OiJfcHJldmlvdXMiO2E6MTp7czozOiJ1cmwiO3M6NDE6Imh0dHA6Ly8xMjcuMC4wLjE6ODAwMC9hcGkvdG9wLXJlc3RhdXJhbnRzIjt9czo2OiJfZmxhc2giO2E6Mjp7czozOiJvbGQiO2E6MDp7fXM6MzoibmV3IjthOjA6e319fQ==', 1758118307),
('PFKAAVF6Fx8JwpvvTTtF3WaWTgQxHzK1dzVRs7Yc', NULL, '127.0.0.1', 'Mozilla/5.0 (Windows NT 10.0; Win64; x64) AppleWebKit/537.36 (KHTML, like Gecko) Chrome/140.0.0.0 Safari/537.36', 'YTozOntzOjY6Il90b2tlbiI7czo0MDoiU0xDOXg2TVJqTXlqWGNqczR4ZEdFVVhpblpmRmMxd3lmY2pvd0VIUyI7czo5OiJfcHJldmlvdXMiO2E6MTp7czozOiJ1cmwiO3M6Mzc6Imh0dHA6Ly8xMjcuMC4wLjE6ODAwMC9hcGkvcmVzdGF1cmFudHMiO31zOjY6Il9mbGFzaCI7YToyOntzOjM6Im9sZCI7YTowOnt9czozOiJuZXciO2E6MDp7fX19', 1758119526),
('pMkII1vEKH4STd7aXJZIaHTFPyyPDUA6eXyOfMhc', NULL, '127.0.0.1', 'Mozilla/5.0 (Windows NT 10.0; Win64; x64) AppleWebKit/537.36 (KHTML, like Gecko) Chrome/140.0.0.0 Safari/537.36', 'YTozOntzOjY6Il90b2tlbiI7czo0MDoiZlJVelhoTEJBNEVYN3QxZUNOQ3p2dXpmUUo1WGpTb0tNR2lhVW5EWiI7czo5OiJfcHJldmlvdXMiO2E6MTp7czozOiJ1cmwiO3M6NDc6Imh0dHA6Ly8xMjcuMC4wLjE6ODAwMC9hcGkvcmVzdGF1cmFudC8xMDQvdHJlbmRzIjt9czo2OiJfZmxhc2giO2E6Mjp7czozOiJvbGQiO2E6MDp7fXM6MzoibmV3IjthOjA6e319fQ==', 1758119218),
('ptptc4hSJT8rrPV6SpB10OGrBwjINHvLqbxLW0Zm', NULL, '127.0.0.1', 'Mozilla/5.0 (Windows NT 10.0; Win64; x64) AppleWebKit/537.36 (KHTML, like Gecko) Chrome/140.0.0.0 Safari/537.36', 'YTozOntzOjY6Il90b2tlbiI7czo0MDoidEhmb3NGTzZLcFRFVlhhcEd6OVV4dERENVlxelFqVWF3Vm1ub1lQVSI7czo5OiJfcHJldmlvdXMiO2E6MTp7czozOiJ1cmwiO3M6NDE6Imh0dHA6Ly8xMjcuMC4wLjE6ODAwMC9hcGkvdG9wLXJlc3RhdXJhbnRzIjt9czo2OiJfZmxhc2giO2E6Mjp7czozOiJvbGQiO2E6MDp7fXM6MzoibmV3IjthOjA6e319fQ==', 1758120876),
('qc1IEeuPw5KJNBcBeD32851p6bbbZJcAk3gZsQRd', NULL, '127.0.0.1', 'Mozilla/5.0 (Windows NT 10.0; Win64; x64) AppleWebKit/537.36 (KHTML, like Gecko) Chrome/140.0.0.0 Safari/537.36', 'YTozOntzOjY6Il90b2tlbiI7czo0MDoiaTFQNWVxazJZOTY3Z1djdXk4V2VkNnZSVW1iNERQVW9zQzM1UFBaTyI7czo5OiJfcHJldmlvdXMiO2E6MTp7czozOiJ1cmwiO3M6NDE6Imh0dHA6Ly8xMjcuMC4wLjE6ODAwMC9hcGkvdG9wLXJlc3RhdXJhbnRzIjt9czo2OiJfZmxhc2giO2E6Mjp7czozOiJvbGQiO2E6MDp7fXM6MzoibmV3IjthOjA6e319fQ==', 1758121917),
('QJwQdq8oFfj4OZVenO8hUKz6yQncQ7tYYFgE1Wde', NULL, '127.0.0.1', 'Mozilla/5.0 (Windows NT 10.0; Win64; x64) AppleWebKit/537.36 (KHTML, like Gecko) Chrome/140.0.0.0 Safari/537.36', 'YTozOntzOjY6Il90b2tlbiI7czo0MDoiM2ViMlZYemxnZFRVR1oxc3dwWktTdVpra3NMYmFwWjJHSE1QWWUxMiI7czo5OiJfcHJldmlvdXMiO2E6MTp7czozOiJ1cmwiO3M6NDE6Imh0dHA6Ly8xMjcuMC4wLjE6ODAwMC9hcGkvdG9wLXJlc3RhdXJhbnRzIjt9czo2OiJfZmxhc2giO2E6Mjp7czozOiJvbGQiO2E6MDp7fXM6MzoibmV3IjthOjA6e319fQ==', 1758118307),
('QlZiqUZZ8FW0dWsPMTDdqjaW5YNQVkdeE5Kt93WX', NULL, '127.0.0.1', 'Mozilla/5.0 (Windows NT 10.0; Win64; x64) AppleWebKit/537.36 (KHTML, like Gecko) Chrome/140.0.0.0 Safari/537.36', 'YTozOntzOjY6Il90b2tlbiI7czo0MDoiTEY0a1Q0Q1FUSlN5RjQyVENmaGZuUmRWaWZhMmpUQWZTU2cwZk1IaiI7czo5OiJfcHJldmlvdXMiO2E6MTp7czozOiJ1cmwiO3M6NDc6Imh0dHA6Ly8xMjcuMC4wLjE6ODAwMC9hcGkvcmVzdGF1cmFudC8xMDMvdHJlbmRzIjt9czo2OiJfZmxhc2giO2E6Mjp7czozOiJvbGQiO2E6MDp7fXM6MzoibmV3IjthOjA6e319fQ==', 1758119215),
('qpnf2pcXFPAKIdC5Sp88lgqnCrmgHrN0s1gRxAnp', NULL, '127.0.0.1', 'Mozilla/5.0 (Windows NT 10.0; Win64; x64) AppleWebKit/537.36 (KHTML, like Gecko) Chrome/140.0.0.0 Safari/537.36', 'YTozOntzOjY6Il90b2tlbiI7czo0MDoiV3RpMUdxU2xxWThacllQdk1PRm9iSmFIb3Fkd251UnJkZXBGS2ZtZyI7czo5OiJfcHJldmlvdXMiO2E6MTp7czozOiJ1cmwiO3M6NDc6Imh0dHA6Ly8xMjcuMC4wLjE6ODAwMC9hcGkvcmVzdGF1cmFudC8xMDQvdHJlbmRzIjt9czo2OiJfZmxhc2giO2E6Mjp7czozOiJvbGQiO2E6MDp7fXM6MzoibmV3IjthOjA6e319fQ==', 1758119533),
('qUUOpRhVnD6tvXsMfausnkZ83nFcT5CZzxz7Kkwv', NULL, '127.0.0.1', 'Mozilla/5.0 (Windows NT 10.0; Win64; x64) AppleWebKit/537.36 (KHTML, like Gecko) Chrome/140.0.0.0 Safari/537.36', 'YTozOntzOjY6Il90b2tlbiI7czo0MDoiQWwwb2pIRFFBMFJHcnpsd1NBRVRPMTh6STBxYVhMOFRmbE9xTWdGcyI7czo5OiJfcHJldmlvdXMiO2E6MTp7czozOiJ1cmwiO3M6NDE6Imh0dHA6Ly8xMjcuMC4wLjE6ODAwMC9hcGkvdG9wLXJlc3RhdXJhbnRzIjt9czo2OiJfZmxhc2giO2E6Mjp7czozOiJvbGQiO2E6MDp7fXM6MzoibmV3IjthOjA6e319fQ==', 1758118092),
('quyIIGt2srAS8VPS6TQojxQKitw76qyXti2xpi1P', NULL, '127.0.0.1', 'Mozilla/5.0 (Windows NT 10.0; Win64; x64) AppleWebKit/537.36 (KHTML, like Gecko) Chrome/140.0.0.0 Safari/537.36', 'YTozOntzOjY6Il90b2tlbiI7czo0MDoiVFpCT0xReUxYS2hpdGtiTHU2YzIxTDdpdnFjVkJLaW1CMDN3bWMzMyI7czo5OiJfcHJldmlvdXMiO2E6MTp7czozOiJ1cmwiO3M6Mzc6Imh0dHA6Ly8xMjcuMC4wLjE6ODAwMC9hcGkvcmVzdGF1cmFudHMiO31zOjY6Il9mbGFzaCI7YToyOntzOjM6Im9sZCI7YTowOnt9czozOiJuZXciO2E6MDp7fX19', 1758117808),
('qVzVqo4llTAyp6qaQaA59SEcLlDfqm5GlwGDzECb', NULL, '127.0.0.1', 'Mozilla/5.0 (Windows NT 10.0; Win64; x64) AppleWebKit/537.36 (KHTML, like Gecko) Chrome/140.0.0.0 Safari/537.36', 'YTozOntzOjY6Il90b2tlbiI7czo0MDoibGJnMVlKTGMxZGE5UnZzd0c1VXJJaXdEbXNnY2w3S3NYYkEwQlIzOCI7czo5OiJfcHJldmlvdXMiO2E6MTp7czozOiJ1cmwiO3M6Mzc6Imh0dHA6Ly8xMjcuMC4wLjE6ODAwMC9hcGkvcmVzdGF1cmFudHMiO31zOjY6Il9mbGFzaCI7YToyOntzOjM6Im9sZCI7YTowOnt9czozOiJuZXciO2E6MDp7fX19', 1758117808),
('R18I2X0ZU7mTfLjNYO1lij9ohx2gxENuqdnIJ3Za', NULL, '127.0.0.1', 'Mozilla/5.0 (Windows NT 10.0; Win64; x64) AppleWebKit/537.36 (KHTML, like Gecko) Chrome/140.0.0.0 Safari/537.36', 'YTozOntzOjY6Il90b2tlbiI7czo0MDoiRVo1SW1LWFBvMlo0WnVLTmh4M1NmaXZsekNWYllTekpPUWd1UnM4ZyI7czo5OiJfcHJldmlvdXMiO2E6MTp7czozOiJ1cmwiO3M6Mzc6Imh0dHA6Ly8xMjcuMC4wLjE6ODAwMC9hcGkvcmVzdGF1cmFudHMiO31zOjY6Il9mbGFzaCI7YToyOntzOjM6Im9sZCI7YTowOnt9czozOiJuZXciO2E6MDp7fX19', 1758120426),
('RFpkmAapeC9Tc3OM5TNS2WtFiBYoVi2pGhu8HXBh', NULL, '127.0.0.1', 'Mozilla/5.0 (Windows NT 10.0; Win64; x64) AppleWebKit/537.36 (KHTML, like Gecko) Chrome/140.0.0.0 Safari/537.36', 'YTozOntzOjY6Il90b2tlbiI7czo0MDoiZkRVQVM4VmVIQUd6SUloOFo4c0NCWkUwalNjRWFYT0lYRWh6UzY0ciI7czo5OiJfcHJldmlvdXMiO2E6MTp7czozOiJ1cmwiO3M6NDE6Imh0dHA6Ly8xMjcuMC4wLjE6ODAwMC9hcGkvdG9wLXJlc3RhdXJhbnRzIjt9czo2OiJfZmxhc2giO2E6Mjp7czozOiJvbGQiO2E6MDp7fXM6MzoibmV3IjthOjA6e319fQ==', 1758119188),
('RT1ame4KhzJExSUDXtZcmiMeJsSGtzchvh9sBfBJ', NULL, '127.0.0.1', 'Mozilla/5.0 (Windows NT 10.0; Win64; x64) AppleWebKit/537.36 (KHTML, like Gecko) Chrome/140.0.0.0 Safari/537.36', 'YTozOntzOjY6Il90b2tlbiI7czo0MDoiaDEwRDBZbzNDOGdjSHc0QjlscnVkZjRwYVhKdUo1OVdzeTdPT3lrOCI7czo5OiJfcHJldmlvdXMiO2E6MTp7czozOiJ1cmwiO3M6NDE6Imh0dHA6Ly8xMjcuMC4wLjE6ODAwMC9hcGkvdG9wLXJlc3RhdXJhbnRzIjt9czo2OiJfZmxhc2giO2E6Mjp7czozOiJvbGQiO2E6MDp7fXM6MzoibmV3IjthOjA6e319fQ==', 1758119986),
('SUyp0zEJFqdfQMXkbap0Knrk3hNqxaiWitFurIEE', NULL, '127.0.0.1', 'Mozilla/5.0 (Windows NT 10.0; Win64; x64) AppleWebKit/537.36 (KHTML, like Gecko) Chrome/140.0.0.0 Safari/537.36', 'YTozOntzOjY6Il90b2tlbiI7czo0MDoiaW5lc2pnU01Cek1ibjgya0hPQ2c3ZmVjTEhaVVZyaVg5alVoUUdzViI7czo5OiJfcHJldmlvdXMiO2E6MTp7czozOiJ1cmwiO3M6NDc6Imh0dHA6Ly8xMjcuMC4wLjE6ODAwMC9hcGkvcmVzdGF1cmFudC8xMDIvdHJlbmRzIjt9czo2OiJfZmxhc2giO2E6Mjp7czozOiJvbGQiO2E6MDp7fXM6MzoibmV3IjthOjA6e319fQ==', 1758121536),
('svStx3KK8UEZiQa6oEAPLGtkqen56CBaemkDwGoz', NULL, '127.0.0.1', 'Mozilla/5.0 (Windows NT 10.0; Win64; x64) AppleWebKit/537.36 (KHTML, like Gecko) Chrome/140.0.0.0 Safari/537.36', 'YTozOntzOjY6Il90b2tlbiI7czo0MDoidFMzT013czNtM3N6WWVZZDNCRk1wTmF5aDhEN2l2VmdWeWNicExrTyI7czo5OiJfcHJldmlvdXMiO2E6MTp7czozOiJ1cmwiO3M6Nzc6Imh0dHA6Ly8xMjcuMC4wLjE6ODAwMC9hcGkvcmVzdGF1cmFudC8xMDQvdHJlbmRzP2Zyb209MjAyNS0wNi0yNCZ0bz0yMDI1LTA2LTI2Ijt9czo2OiJfZmxhc2giO2E6Mjp7czozOiJvbGQiO2E6MDp7fXM6MzoibmV3IjthOjA6e319fQ==', 1758120260),
('sXGij4N9XBjhHJMWiOyCaolIhGWKow0E5i7CkJ15', NULL, '127.0.0.1', 'Mozilla/5.0 (Windows NT 10.0; Win64; x64) AppleWebKit/537.36 (KHTML, like Gecko) Chrome/140.0.0.0 Safari/537.36', 'YTozOntzOjY6Il90b2tlbiI7czo0MDoiSkhFQ29wVFJlNDNscURVZk9vZVZoMGF3YTdKQjJSbk9oN0dFd1dlVyI7czo5OiJfcHJldmlvdXMiO2E6MTp7czozOiJ1cmwiO3M6NDc6Imh0dHA6Ly8xMjcuMC4wLjE6ODAwMC9hcGkvcmVzdGF1cmFudC8xMDMvdHJlbmRzIjt9czo2OiJfZmxhc2giO2E6Mjp7czozOiJvbGQiO2E6MDp7fXM6MzoibmV3IjthOjA6e319fQ==', 1758121104),
('t3TTgAyVj9WjfaZ5msrPyjJHRAAMzMi5DOpM1eND', NULL, '127.0.0.1', 'Mozilla/5.0 (Windows NT 10.0; Win64; x64) AppleWebKit/537.36 (KHTML, like Gecko) Chrome/140.0.0.0 Safari/537.36', 'YTozOntzOjY6Il90b2tlbiI7czo0MDoiTThCOG1EVnZQajhNS1pGbEx5Rkl0bktYZjM3RGhoa3plTWJNUjE5VCI7czo5OiJfcHJldmlvdXMiO2E6MTp7czozOiJ1cmwiO3M6Mzc6Imh0dHA6Ly8xMjcuMC4wLjE6ODAwMC9hcGkvcmVzdGF1cmFudHMiO31zOjY6Il9mbGFzaCI7YToyOntzOjM6Im9sZCI7YTowOnt9czozOiJuZXciO2E6MDp7fX19', 1758121917),
('T5msE1Qlj8nFUffaB93j3CDaj7VqTdcjwGMj12GU', NULL, '127.0.0.1', 'Mozilla/5.0 (Windows NT 10.0; Win64; x64) AppleWebKit/537.36 (KHTML, like Gecko) Chrome/140.0.0.0 Safari/537.36', 'YTozOntzOjY6Il90b2tlbiI7czo0MDoidXRrbVRBWktpMHhrSnNLU3JncGxoSWxDc3NIaDV5TXd1Q1FUYWhtMiI7czo5OiJfcHJldmlvdXMiO2E6MTp7czozOiJ1cmwiO3M6NDc6Imh0dHA6Ly8xMjcuMC4wLjE6ODAwMC9hcGkvcmVzdGF1cmFudC8xMDIvdHJlbmRzIjt9czo2OiJfZmxhc2giO2E6Mjp7czozOiJvbGQiO2E6MDp7fXM6MzoibmV3IjthOjA6e319fQ==', 1758121051),
('TaVj7Irrne4DSfEk1d2zLbnJpf6oq20R2S3Qtvwk', NULL, '127.0.0.1', 'Mozilla/5.0 (Windows NT 10.0; Win64; x64) AppleWebKit/537.36 (KHTML, like Gecko) Chrome/140.0.0.0 Safari/537.36', 'YTozOntzOjY6Il90b2tlbiI7czo0MDoiZHRabVh0TmRuVmZ4dlNOZlJMbFFCUFFPWkdDZXo0SE5ocjBETll6NyI7czo5OiJfcHJldmlvdXMiO2E6MTp7czozOiJ1cmwiO3M6Mzc6Imh0dHA6Ly8xMjcuMC4wLjE6ODAwMC9hcGkvcmVzdGF1cmFudHMiO31zOjY6Il9mbGFzaCI7YToyOntzOjM6Im9sZCI7YTowOnt9czozOiJuZXciO2E6MDp7fX19', 1758118061),
('u3Oz0pK3c0O1IKImFktsc6UEeSlupxrx9sH94tIa', NULL, '127.0.0.1', 'Mozilla/5.0 (Windows NT 10.0; Win64; x64) AppleWebKit/537.36 (KHTML, like Gecko) Chrome/140.0.0.0 Safari/537.36', 'YTozOntzOjY6Il90b2tlbiI7czo0MDoiRFNXOWRKazBmY05WZ3FXT2hBbHBUQWpGQ1p3RWxUSTZaV21pZVZ1diI7czo5OiJfcHJldmlvdXMiO2E6MTp7czozOiJ1cmwiO3M6NDc6Imh0dHA6Ly8xMjcuMC4wLjE6ODAwMC9hcGkvcmVzdGF1cmFudC8xMDMvdHJlbmRzIjt9czo2OiJfZmxhc2giO2E6Mjp7czozOiJvbGQiO2E6MDp7fXM6MzoibmV3IjthOjA6e319fQ==', 1758121508),
('uA3BRsTSEvuACngRPFcD4dkkcR29dZ9bsVpFY4Se', NULL, '127.0.0.1', 'Mozilla/5.0 (Windows NT 10.0; Win64; x64) AppleWebKit/537.36 (KHTML, like Gecko) Chrome/140.0.0.0 Safari/537.36', 'YTozOntzOjY6Il90b2tlbiI7czo0MDoidE1ZZFl1dmpGZHBZU0pNekUyZm5DQjVKVVJmMW5zRndWS3NRWUdObyI7czo5OiJfcHJldmlvdXMiO2E6MTp7czozOiJ1cmwiO3M6NDE6Imh0dHA6Ly8xMjcuMC4wLjE6ODAwMC9hcGkvdG9wLXJlc3RhdXJhbnRzIjt9czo2OiJfZmxhc2giO2E6Mjp7czozOiJvbGQiO2E6MDp7fXM6MzoibmV3IjthOjA6e319fQ==', 1758121506),
('uiJAI7CGZIl1q4ZNVUrSiGj0oN2HPmi0datVwsE3', NULL, '127.0.0.1', 'Mozilla/5.0 (Windows NT 10.0; Win64; x64) AppleWebKit/537.36 (KHTML, like Gecko) Chrome/140.0.0.0 Safari/537.36', 'YTozOntzOjY6Il90b2tlbiI7czo0MDoiSHRQM1dFRmMxSFBvOW10WTM1R2NMZFhqMlFvVlhxZVFQMmpmb25LTiI7czo5OiJfcHJldmlvdXMiO2E6MTp7czozOiJ1cmwiO3M6Mzc6Imh0dHA6Ly8xMjcuMC4wLjE6ODAwMC9hcGkvcmVzdGF1cmFudHMiO31zOjY6Il9mbGFzaCI7YToyOntzOjM6Im9sZCI7YTowOnt9czozOiJuZXciO2E6MDp7fX19', 1758118112),
('ursXiSXtefTOzPLQa79AwvslaaqQJ2FXmKv9Tl5s', NULL, '127.0.0.1', 'Mozilla/5.0 (Windows NT 10.0; Win64; x64) AppleWebKit/537.36 (KHTML, like Gecko) Chrome/140.0.0.0 Safari/537.36', 'YTozOntzOjY6Il90b2tlbiI7czo0MDoiRGxNcnBYa2ZjM3lBcWJhSWxUbEcxVTZTdzhuVVRWNXQwYkRQRkltWCI7czo5OiJfcHJldmlvdXMiO2E6MTp7czozOiJ1cmwiO3M6Mzc6Imh0dHA6Ly8xMjcuMC4wLjE6ODAwMC9hcGkvcmVzdGF1cmFudHMiO31zOjY6Il9mbGFzaCI7YToyOntzOjM6Im9sZCI7YTowOnt9czozOiJuZXciO2E6MDp7fX19', 1758119531),
('WbLNn8YoMYsy3bFtjQZ38ALxzxzADrDpPOegnjPk', NULL, '127.0.0.1', 'Mozilla/5.0 (Windows NT 10.0; Win64; x64) AppleWebKit/537.36 (KHTML, like Gecko) Chrome/140.0.0.0 Safari/537.36', 'YTozOntzOjY6Il90b2tlbiI7czo0MDoiZktNYVdZb2hWUU5IY3FMWHBqdWxSSGJVRXI4Ylk5N1huQnN4bnk3cyI7czo5OiJfcHJldmlvdXMiO2E6MTp7czozOiJ1cmwiO3M6NDE6Imh0dHA6Ly8xMjcuMC4wLjE6ODAwMC9hcGkvdG9wLXJlc3RhdXJhbnRzIjt9czo2OiJfZmxhc2giO2E6Mjp7czozOiJvbGQiO2E6MDp7fXM6MzoibmV3IjthOjA6e319fQ==', 1758121506),
('wMdDDlUEg3AMDfAELnSqKOSN7oQbmrDbXpqJ72e0', NULL, '127.0.0.1', 'Mozilla/5.0 (Windows NT 10.0; Win64; x64) AppleWebKit/537.36 (KHTML, like Gecko) Chrome/140.0.0.0 Safari/537.36', 'YTozOntzOjY6Il90b2tlbiI7czo0MDoiajNRQ0RHZ2ZnQUwxdXRQeW5OM0tsdTFhVFVobjRaNzVMQ3JRUDZ4eiI7czo5OiJfcHJldmlvdXMiO2E6MTp7czozOiJ1cmwiO3M6Mzc6Imh0dHA6Ly8xMjcuMC4wLjE6ODAwMC9hcGkvcmVzdGF1cmFudHMiO31zOjY6Il9mbGFzaCI7YToyOntzOjM6Im9sZCI7YTowOnt9czozOiJuZXciO2E6MDp7fX19', 1758120427),
('WMIlUcDcKYq6T17Za3KOR4gmnIBs5X0SqG5t804a', NULL, '127.0.0.1', 'Mozilla/5.0 (Windows NT 10.0; Win64; x64) AppleWebKit/537.36 (KHTML, like Gecko) Chrome/140.0.0.0 Safari/537.36', 'YTozOntzOjY6Il90b2tlbiI7czo0MDoiVEtVY1BBeXV6cVpVZ1l3WHBRanVYNmw2cVRIQmltSDhXMnZRT2lCeSI7czo5OiJfcHJldmlvdXMiO2E6MTp7czozOiJ1cmwiO3M6NjM6Imh0dHA6Ly8xMjcuMC4wLjE6ODAwMC9hcGkvcmVzdGF1cmFudC8xMDQvdHJlbmRzP2Zyb209MjAyNS0wNi0yNSI7fXM6NjoiX2ZsYXNoIjthOjI6e3M6Mzoib2xkIjthOjA6e31zOjM6Im5ldyI7YTowOnt9fX0=', 1758120251),
('wWBBoJe1R1fyTgOCRHryVZzUVyDLK1wfxUEPviKS', NULL, '127.0.0.1', 'Mozilla/5.0 (Windows NT 10.0; Win64; x64) AppleWebKit/537.36 (KHTML, like Gecko) Chrome/140.0.0.0 Safari/537.36', 'YTozOntzOjY6Il90b2tlbiI7czo0MDoic1lZODRBUU5YUUUyQzNHQmg0b3B6N2toaEM0MEpIbUd4VjJWZWllYiI7czo5OiJfcHJldmlvdXMiO2E6MTp7czozOiJ1cmwiO3M6NDc6Imh0dHA6Ly8xMjcuMC4wLjE6ODAwMC9hcGkvcmVzdGF1cmFudC8xMDIvdHJlbmRzIjt9czo2OiJfZmxhc2giO2E6Mjp7czozOiJvbGQiO2E6MDp7fXM6MzoibmV3IjthOjA6e319fQ==', 1758121719),
('x0PL9oweTCNXotU0BlwF3J6fmlpXuZY4J08WnKIR', NULL, '127.0.0.1', 'Mozilla/5.0 (Windows NT 10.0; Win64; x64) AppleWebKit/537.36 (KHTML, like Gecko) Chrome/140.0.0.0 Safari/537.36', 'YTozOntzOjY6Il90b2tlbiI7czo0MDoiMlROQm9tN0p5R2V3OHhHS3RyVWRKT0RzUU14blAxZm13Z01tSEFLWSI7czo5OiJfcHJldmlvdXMiO2E6MTp7czozOiJ1cmwiO3M6Nzc6Imh0dHA6Ly8xMjcuMC4wLjE6ODAwMC9hcGkvcmVzdGF1cmFudC8xMDQvdHJlbmRzP2Zyb209MjAyNS0wNi0yNSZ0bz0yMDI1LTA2LTI2Ijt9czo2OiJfZmxhc2giO2E6Mjp7czozOiJvbGQiO2E6MDp7fXM6MzoibmV3IjthOjA6e319fQ==', 1758120253),
('XYOMHKhBh8f9zoogQAbp6ZqVLfDb40enIPIhjipU', NULL, '127.0.0.1', 'Mozilla/5.0 (Windows NT 10.0; Win64; x64) AppleWebKit/537.36 (KHTML, like Gecko) Chrome/140.0.0.0 Safari/537.36', 'YTozOntzOjY6Il90b2tlbiI7czo0MDoieHhuWkRMdWpZWHhvUXhNY0kzdVJtNjdTTWgzeFlvUGJKVmlXd3Y3UCI7czo5OiJfcHJldmlvdXMiO2E6MTp7czozOiJ1cmwiO3M6NDE6Imh0dHA6Ly8xMjcuMC4wLjE6ODAwMC9hcGkvdG9wLXJlc3RhdXJhbnRzIjt9czo2OiJfZmxhc2giO2E6Mjp7czozOiJvbGQiO2E6MDp7fXM6MzoibmV3IjthOjA6e319fQ==', 1758119531),
('y0l7CRVu3c9Vinfe2mwv61BkXKCeYM8d4cVuNwv8', NULL, '127.0.0.1', 'Mozilla/5.0 (Windows NT 10.0; Win64; x64) AppleWebKit/537.36 (KHTML, like Gecko) Chrome/140.0.0.0 Safari/537.36', 'YTozOntzOjY6Il90b2tlbiI7czo0MDoiVHJyQ0ZYNkRzZnV4c2k0VDZQS0QyRnhoSnBndXY5cjVOM2dUelhyeCI7czo5OiJfcHJldmlvdXMiO2E6MTp7czozOiJ1cmwiO3M6NDc6Imh0dHA6Ly8xMjcuMC4wLjE6ODAwMC9hcGkvcmVzdGF1cmFudC8xMDQvdHJlbmRzIjt9czo2OiJfZmxhc2giO2E6Mjp7czozOiJvbGQiO2E6MDp7fXM6MzoibmV3IjthOjA6e319fQ==', 1758121511),
('yeZVivamMwzPUwZepho5CgSQdVHt2JMXaXkglTLU', NULL, '127.0.0.1', 'Mozilla/5.0 (Windows NT 10.0; Win64; x64) AppleWebKit/537.36 (KHTML, like Gecko) Chrome/140.0.0.0 Safari/537.36', 'YTozOntzOjY6Il90b2tlbiI7czo0MDoiTEhGdjZ6S3VSZFl6SU44SVZkNkVjSDZpS2lHRkFOaG9uYk52NTdsNCI7czo5OiJfcHJldmlvdXMiO2E6MTp7czozOiJ1cmwiO3M6NDc6Imh0dHA6Ly8xMjcuMC4wLjE6ODAwMC9hcGkvcmVzdGF1cmFudC8xMDMvdHJlbmRzIjt9czo2OiJfZmxhc2giO2E6Mjp7czozOiJvbGQiO2E6MDp7fXM6MzoibmV3IjthOjA6e319fQ==', 1758121914),
('ygIdzIRO1w4LZtprSpMhOaRCtJcxoRsNg6W3w502', NULL, '127.0.0.1', 'Mozilla/5.0 (Windows NT 10.0; Win64; x64) AppleWebKit/537.36 (KHTML, like Gecko) Chrome/140.0.0.0 Safari/537.36', 'YTozOntzOjY6Il90b2tlbiI7czo0MDoiYUhIWHNiSjlZemlSMTVZYWFNbVB6VzNUMFJ6cTlzTkkyR0UwcUF1bCI7czo5OiJfcHJldmlvdXMiO2E6MTp7czozOiJ1cmwiO3M6Nzc6Imh0dHA6Ly8xMjcuMC4wLjE6ODAwMC9hcGkvcmVzdGF1cmFudC8xMDQvdHJlbmRzP2Zyb209MjAyNS0wNS0yMiZ0bz0yMDI1LTA2LTI2Ijt9czo2OiJfZmxhc2giO2E6Mjp7czozOiJvbGQiO2E6MDp7fXM6MzoibmV3IjthOjA6e319fQ==', 1758120496),
('yLCQK07az3Z1WXaPO4KGaJU6KDEUkH3y5CpQVhVn', NULL, '127.0.0.1', 'Mozilla/5.0 (Windows NT 10.0; Win64; x64) AppleWebKit/537.36 (KHTML, like Gecko) Chrome/140.0.0.0 Safari/537.36', 'YTozOntzOjY6Il90b2tlbiI7czo0MDoiOVdNUkFZUk13MmtERmNBZ0dwTVlDZEJMV3hOcUcxbDZuMlFwYmJ6dyI7czo5OiJfcHJldmlvdXMiO2E6MTp7czozOiJ1cmwiO3M6NDc6Imh0dHA6Ly8xMjcuMC4wLjE6ODAwMC9hcGkvcmVzdGF1cmFudC8xMDQvdHJlbmRzIjt9czo2OiJfZmxhc2giO2E6Mjp7czozOiJvbGQiO2E6MDp7fXM6MzoibmV3IjthOjA6e319fQ==', 1758120229),
('yPAMsckVmRSAFv3zqUrhkT6in25qctt8WfXLP7jT', NULL, '127.0.0.1', 'Mozilla/5.0 (Windows NT 10.0; Win64; x64) AppleWebKit/537.36 (KHTML, like Gecko) Chrome/140.0.0.0 Safari/537.36', 'YTozOntzOjY6Il90b2tlbiI7czo0MDoiTkRtRlNpZW9jVkI4U3FKSGE2Y2c0RmJ1aldDTTkyOHBIOXRQUHlTRiI7czo5OiJfcHJldmlvdXMiO2E6MTp7czozOiJ1cmwiO3M6Mzc6Imh0dHA6Ly8xMjcuMC4wLjE6ODAwMC9hcGkvcmVzdGF1cmFudHMiO31zOjY6Il9mbGFzaCI7YToyOntzOjM6Im9sZCI7YTowOnt9czozOiJuZXciO2E6MDp7fX19', 1758118093),
('ZDGuV1SJTB6lthyj9DkXf1knlvtIfvjc7dA2aVCo', NULL, '127.0.0.1', 'Mozilla/5.0 (Windows NT 10.0; Win64; x64) AppleWebKit/537.36 (KHTML, like Gecko) Chrome/140.0.0.0 Safari/537.36', 'YTozOntzOjY6Il90b2tlbiI7czo0MDoidmZzaDIwWFhtTjlxVFRiclZmQzQ0UWtmRUZNOUczUWg4ekg1b3ZZTSI7czo5OiJfcHJldmlvdXMiO2E6MTp7czozOiJ1cmwiO3M6Mzc6Imh0dHA6Ly8xMjcuMC4wLjE6ODAwMC9hcGkvcmVzdGF1cmFudHMiO31zOjY6Il9mbGFzaCI7YToyOntzOjM6Im9sZCI7YTowOnt9czozOiJuZXciO2E6MDp7fX19', 1758118308);

-- --------------------------------------------------------

--
-- Table structure for table `users`
--

CREATE TABLE `users` (
  `id` bigint(20) UNSIGNED NOT NULL,
  `name` varchar(255) NOT NULL,
  `email` varchar(255) NOT NULL,
  `email_verified_at` timestamp NULL DEFAULT NULL,
  `password` varchar(255) NOT NULL,
  `remember_token` varchar(100) DEFAULT NULL,
  `created_at` timestamp NULL DEFAULT NULL,
  `updated_at` timestamp NULL DEFAULT NULL
) ENGINE=InnoDB DEFAULT CHARSET=utf8mb4 COLLATE=utf8mb4_unicode_ci;

--
-- Indexes for dumped tables
--

--
-- Indexes for table `cache`
--
ALTER TABLE `cache`
  ADD PRIMARY KEY (`key`);

--
-- Indexes for table `cache_locks`
--
ALTER TABLE `cache_locks`
  ADD PRIMARY KEY (`key`);

--
-- Indexes for table `failed_jobs`
--
ALTER TABLE `failed_jobs`
  ADD PRIMARY KEY (`id`),
  ADD UNIQUE KEY `failed_jobs_uuid_unique` (`uuid`);

--
-- Indexes for table `jobs`
--
ALTER TABLE `jobs`
  ADD PRIMARY KEY (`id`),
  ADD KEY `jobs_queue_index` (`queue`);

--
-- Indexes for table `job_batches`
--
ALTER TABLE `job_batches`
  ADD PRIMARY KEY (`id`);

--
-- Indexes for table `migrations`
--
ALTER TABLE `migrations`
  ADD PRIMARY KEY (`id`);

--
-- Indexes for table `orders`
--
ALTER TABLE `orders`
  ADD PRIMARY KEY (`id`),
  ADD KEY `orders_restaurant_id_index` (`restaurant_id`),
  ADD KEY `orders_order_time_index` (`order_time`);

--
-- Indexes for table `password_reset_tokens`
--
ALTER TABLE `password_reset_tokens`
  ADD PRIMARY KEY (`email`);

--
-- Indexes for table `restaurants`
--
ALTER TABLE `restaurants`
  ADD PRIMARY KEY (`id`);

--
-- Indexes for table `sessions`
--
ALTER TABLE `sessions`
  ADD PRIMARY KEY (`id`),
  ADD KEY `sessions_user_id_index` (`user_id`),
  ADD KEY `sessions_last_activity_index` (`last_activity`);

--
-- Indexes for table `users`
--
ALTER TABLE `users`
  ADD PRIMARY KEY (`id`),
  ADD UNIQUE KEY `users_email_unique` (`email`);

--
-- AUTO_INCREMENT for dumped tables
--

--
-- AUTO_INCREMENT for table `failed_jobs`
--
ALTER TABLE `failed_jobs`
  MODIFY `id` bigint(20) UNSIGNED NOT NULL AUTO_INCREMENT;

--
-- AUTO_INCREMENT for table `jobs`
--
ALTER TABLE `jobs`
  MODIFY `id` bigint(20) UNSIGNED NOT NULL AUTO_INCREMENT;

--
-- AUTO_INCREMENT for table `migrations`
--
ALTER TABLE `migrations`
  MODIFY `id` int(10) UNSIGNED NOT NULL AUTO_INCREMENT, AUTO_INCREMENT=6;

--
-- AUTO_INCREMENT for table `users`
--
ALTER TABLE `users`
  MODIFY `id` bigint(20) UNSIGNED NOT NULL AUTO_INCREMENT;

--
-- Constraints for dumped tables
--

--
-- Constraints for table `orders`
--
ALTER TABLE `orders`
  ADD CONSTRAINT `orders_restaurant_id_foreign` FOREIGN KEY (`restaurant_id`) REFERENCES `restaurants` (`id`) ON DELETE CASCADE;
COMMIT;

/*!40101 SET CHARACTER_SET_CLIENT=@OLD_CHARACTER_SET_CLIENT */;
/*!40101 SET CHARACTER_SET_RESULTS=@OLD_CHARACTER_SET_RESULTS */;
/*!40101 SET COLLATION_CONNECTION=@OLD_COLLATION_CONNECTION */;
